filename,class_predicted
test/silos_256-0-0--6-14--181-28654.png,1
test/silos_256-0-0--6-14--33-30848.png,1
test/silos_256-0-0--6-14-1077-31457.png,1
test/silos_256-0-0--6-14-1079-31457.png,1
test/silos_256-0-0--6-14-1113-29057.png,1
test/silos_256-0-0--6-14-1114-29057.png,1
test/silos_256-0-0--6-14-1195-31602.png,1
test/silos_256-0-0--6-14-1281-31369.png,0
test/silos_256-0-0--6-14-1293-30878.png,0
test/silos_256-0-0--6-14-1306-28943.png,1
test/silos_256-0-0--6-14-1307-30792.png,0
test/silos_256-0-0--6-14-1314-29863.png,1
test/silos_256-0-0--6-14-1322-29862.png,1
test/silos_256-0-0--6-14-1328-29891.png,1
test/silos_256-0-0--6-14-1329-29891.png,1
test/silos_256-0-0--6-14-1333-32103.png,1
test/silos_256-0-0--6-14-1371-29335.png,1
test/silos_256-0-0--6-14-1372-29335.png,1
test/silos_256-0-0--6-14-1374-31430.png,1
test/silos_256-0-0--6-14-1378-31387.png,1
test/silos_256-0-0--6-14-1380-31424.png,1
test/silos_256-0-0--6-14-1387-31397.png,1
test/silos_256-0-0--6-14-1396-31087.png,1
test/silos_256-0-0--6-14-1400-29541.png,1
test/silos_256-0-0--6-14-1401-29844.png,1
test/silos_256-0-0--6-14-1409-31389.png,1
test/silos_256-0-0--6-14-1412-30793.png,0
test/silos_256-0-0--6-14-1413-31438.png,1
test/silos_256-0-0--6-14-1430-28640.png,1
test/silos_256-0-0--6-14-1446-30748.png,1
test/silos_256-0-0--6-14-1446-30749.png,1
test/silos_256-0-0--6-14-1452-30787.png,0
test/silos_256-0-0--6-14-1461-32019.png,1
test/silos_256-0-0--6-14-1467-30553.png,0
test/silos_256-0-0--6-14-1476-30376.png,0
test/silos_256-0-0--6-14-1479-30713.png,1
test/silos_256-0-0--6-14-1490-30718.png,1
test/silos_256-0-0--6-14-1494-30713.png,1
test/silos_256-0-0--6-14-1496-31330.png,1
test/silos_256-0-0--6-14-1506-29839.png,0
test/silos_256-0-0--6-14-1518-29081.png,1
test/silos_256-0-0--6-14-1548-31335.png,0
test/silos_256-0-0--6-14-1554-29969.png,1
test/silos_256-0-0--6-14-1561-30988.png,0
test/silos_256-0-0--6-14-1569-31398.png,1
test/silos_256-0-0--6-14-1581-31271.png,1
test/silos_256-0-0--6-14-1601-30540.png,0
test/silos_256-0-0--6-14-163-29426.png,1
test/silos_256-0-0--6-14-183-28681.png,1
test/silos_256-0-0--6-14-195-29457.png,1
test/silos_256-0-0--6-14-200-29478.png,1
test/silos_256-0-0--6-14-201-29473.png,0
test/silos_256-0-0--6-14-230-28713.png,1
test/silos_256-0-0--6-14-231-29757.png,0
test/silos_256-0-0--6-14-237-28671.png,1
test/silos_256-0-0--6-14-249-28687.png,1
test/silos_256-0-0--6-14-268-31511.png,1
test/silos_256-0-0--6-14-298-31508.png,1
test/silos_256-0-0--6-14-314-28703.png,1
test/silos_256-0-0--6-14-347-29393.png,1
test/silos_256-0-0--6-14-495-29275.png,1
test/silos_256-0-0--6-14-497-29197.png,0
test/silos_256-0-0--6-14-501-29220.png,0
test/silos_256-0-0--6-14-503-29190.png,0
test/silos_256-0-0--6-14-508-29271.png,1
test/silos_256-0-0--6-14-518-29201.png,1
test/silos_256-0-0--6-14-525-29209.png,1
test/silos_256-0-0--6-14-529-29249.png,1
test/silos_256-0-0--6-14-542-29260.png,1
test/silos_256-0-0--6-14-563-29821.png,1
test/silos_256-0-0--6-14-582-29265.png,1
test/silos_256-0-0--6-14-626-29261.png,1
test/silos_256-0-0--6-14-626-29269.png,1
test/silos_256-0-0--6-14-627-29269.png,1
test/silos_256-0-0--6-14-690-29190.png,1
test/silos_256-0-0--6-14-701-29201.png,1
test/silos_256-0-0--6-14-708-29976.png,1
test/silos_256-0-0--6-14-713-29175.png,1
test/silos_256-0-0--6-14-741-30041.png,1
test/silos_256-0-0--6-14-748-29210.png,1
test/silos_256-0-0--6-14-752-30279.png,1
test/silos_256-0-0--6-14-754-30044.png,1
test/silos_256-0-0--6-14-76-28644.png,1
test/silos_256-0-0--6-14-763-31036.png,1
test/silos_256-0-0--6-14-768-29208.png,0
test/silos_256-0-0--6-14-769-29209.png,0
test/silos_256-0-0--6-14-779-29210.png,1
test/silos_256-0-0--6-14-781-29210.png,0
test/silos_256-0-0--6-14-781-29211.png,1
test/silos_256-0-0--6-14-788-29138.png,0
test/silos_256-0-0--6-14-789-29137.png,1
test/silos_256-0-0--6-14-945-29533.png,1
test/silos_256-0-0--6-14-961-30581.png,1
test/silos_256-0-0--6-15--1-31752.png,0
test/silos_256-0-0--6-15--10-31753.png,1
test/silos_256-0-0--6-15--1005-31671.png,1
test/silos_256-0-0--6-15--1014-29285.png,0
test/silos_256-0-0--6-15--1019-31375.png,0
test/silos_256-0-0--6-15--1020-31040.png,1
test/silos_256-0-0--6-15--1023-31182.png,0
test/silos_256-0-0--6-15--1028-30551.png,0
test/silos_256-0-0--6-15--1033-31320.png,1
test/silos_256-0-0--6-15--1037-30147.png,0
test/silos_256-0-0--6-15--1039-28646.png,1
test/silos_256-0-0--6-15--1047-30377.png,1
test/silos_256-0-0--6-15--1047-31275.png,0
test/silos_256-0-0--6-15--1052-28368.png,1
test/silos_256-0-0--6-15--1053-30006.png,1
test/silos_256-0-0--6-15--1056-29263.png,1
test/silos_256-0-0--6-15--1060-30103.png,1
test/silos_256-0-0--6-15--1061-29794.png,0
test/silos_256-0-0--6-15--1079-30963.png,0
test/silos_256-0-0--6-15--1091-30125.png,1
test/silos_256-0-0--6-15--1091-30128.png,1
test/silos_256-0-0--6-15--1091-30129.png,1
test/silos_256-0-0--6-15--1094-30103.png,1
test/silos_256-0-0--6-15--1094-30117.png,1
test/silos_256-0-0--6-15--1098-30650.png,0
test/silos_256-0-0--6-15--1100-29760.png,0
test/silos_256-0-0--6-15--1123-31230.png,0
test/silos_256-0-0--6-15--1134-31245.png,1
test/silos_256-0-0--6-15--114-31122.png,0
test/silos_256-0-0--6-15--1146-30723.png,1
test/silos_256-0-0--6-15--1146-30933.png,0
test/silos_256-0-0--6-15--1158-29654.png,0
test/silos_256-0-0--6-15--116-30747.png,0
test/silos_256-0-0--6-15--1172-32025.png,1
test/silos_256-0-0--6-15--1174-30185.png,0
test/silos_256-0-0--6-15--1177-31143.png,0
test/silos_256-0-0--6-15--1182-29922.png,0
test/silos_256-0-0--6-15--1199-31595.png,1
test/silos_256-0-0--6-15--1209-31078.png,0
test/silos_256-0-0--6-15--1212-29294.png,1
test/silos_256-0-0--6-15--1219-30609.png,1
test/silos_256-0-0--6-15--1221-30587.png,0
test/silos_256-0-0--6-15--1227-29793.png,0
test/silos_256-0-0--6-15--1230-30687.png,0
test/silos_256-0-0--6-15--1232-30815.png,0
test/silos_256-0-0--6-15--1245-30896.png,0
test/silos_256-0-0--6-15--1247-29857.png,1
test/silos_256-0-0--6-15--1249-31188.png,0
test/silos_256-0-0--6-15--1258-30710.png,0
test/silos_256-0-0--6-15--1266-30700.png,1
test/silos_256-0-0--6-15--1266-31072.png,1
test/silos_256-0-0--6-15--127-29702.png,1
test/silos_256-0-0--6-15--1270-29390.png,0
test/silos_256-0-0--6-15--1272-29855.png,0
test/silos_256-0-0--6-15--1275-30898.png,0
test/silos_256-0-0--6-15--1280-30842.png,0
test/silos_256-0-0--6-15--1286-31718.png,1
test/silos_256-0-0--6-15--1295-30423.png,0
test/silos_256-0-0--6-15--1295-30706.png,0
test/silos_256-0-0--6-15--1303-30601.png,1
test/silos_256-0-0--6-15--1304-30572.png,1
test/silos_256-0-0--6-15--1305-30490.png,1
test/silos_256-0-0--6-15--1308-28423.png,1
test/silos_256-0-0--6-15--1313-29720.png,0
test/silos_256-0-0--6-15--1314-31244.png,0
test/silos_256-0-0--6-15--1316-30045.png,0
test/silos_256-0-0--6-15--1323-31256.png,0
test/silos_256-0-0--6-15--1332-31184.png,0
test/silos_256-0-0--6-15--1341-31178.png,0
test/silos_256-0-0--6-15--1343-29205.png,0
test/silos_256-0-0--6-15--1347-29260.png,0
test/silos_256-0-0--6-15--1348-31110.png,0
test/silos_256-0-0--6-15--1349-29178.png,0
test/silos_256-0-0--6-15--1351-29570.png,0
test/silos_256-0-0--6-15--1357-31026.png,0
test/silos_256-0-0--6-15--1357-31063.png,0
test/silos_256-0-0--6-15--136-30291.png,0
test/silos_256-0-0--6-15--1365-29221.png,0
test/silos_256-0-0--6-15--1365-31113.png,0
test/silos_256-0-0--6-15--1367-31052.png,0
test/silos_256-0-0--6-15--1369-31377.png,0
test/silos_256-0-0--6-15--1370-29210.png,0
test/silos_256-0-0--6-15--1372-31176.png,0
test/silos_256-0-0--6-15--1376-31012.png,0
test/silos_256-0-0--6-15--1380-29221.png,0
test/silos_256-0-0--6-15--1387-31137.png,0
test/silos_256-0-0--6-15--1389-30171.png,1
test/silos_256-0-0--6-15--1399-30516.png,0
test/silos_256-0-0--6-15--1399-31225.png,1
test/silos_256-0-0--6-15--14-31108.png,0
test/silos_256-0-0--6-15--1400-31310.png,1
test/silos_256-0-0--6-15--1407-29485.png,0
test/silos_256-0-0--6-15--1416-28739.png,1
test/silos_256-0-0--6-15--1418-28735.png,1
test/silos_256-0-0--6-15--1425-29879.png,0
test/silos_256-0-0--6-15--1432-30939.png,0
test/silos_256-0-0--6-15--1436-29770.png,1
test/silos_256-0-0--6-15--1436-31899.png,0
test/silos_256-0-0--6-15--1451-28786.png,1
test/silos_256-0-0--6-15--1464-29549.png,1
test/silos_256-0-0--6-15--1466-30208.png,0
test/silos_256-0-0--6-15--1491-30163.png,0
test/silos_256-0-0--6-15--1497-30940.png,0
test/silos_256-0-0--6-15--1498-30624.png,0
test/silos_256-0-0--6-15--1503-28158.png,1
test/silos_256-0-0--6-15--1506-28905.png,0
test/silos_256-0-0--6-15--1507-29667.png,0
test/silos_256-0-0--6-15--1511-29857.png,0
test/silos_256-0-0--6-15--1512-30898.png,0
test/silos_256-0-0--6-15--1514-31218.png,0
test/silos_256-0-0--6-15--1515-28181.png,1
test/silos_256-0-0--6-15--1516-29708.png,0
test/silos_256-0-0--6-15--1523-30940.png,1
test/silos_256-0-0--6-15--1525-30464.png,0
test/silos_256-0-0--6-15--1535-31203.png,0
test/silos_256-0-0--6-15--1540-29890.png,0
test/silos_256-0-0--6-15--1546-28191.png,1
test/silos_256-0-0--6-15--1548-29949.png,1
test/silos_256-0-0--6-15--156-29908.png,0
test/silos_256-0-0--6-15--1560-31362.png,1
test/silos_256-0-0--6-15--1563-29543.png,0
test/silos_256-0-0--6-15--1565-29766.png,0
test/silos_256-0-0--6-15--1569-29570.png,0
test/silos_256-0-0--6-15--1576-29750.png,1
test/silos_256-0-0--6-15--1587-29748.png,1
test/silos_256-0-0--6-15--1588-30418.png,0
test/silos_256-0-0--6-15--1593-30324.png,0
test/silos_256-0-0--6-15--1600-30527.png,0
test/silos_256-0-0--6-15--1617-29741.png,0
test/silos_256-0-0--6-15--171-30378.png,0
test/silos_256-0-0--6-15--174-31155.png,0
test/silos_256-0-0--6-15--178-30079.png,1
test/silos_256-0-0--6-15--187-30502.png,0
test/silos_256-0-0--6-15--193-30719.png,0
test/silos_256-0-0--6-15--194-30210.png,1
test/silos_256-0-0--6-15--195-30407.png,0
test/silos_256-0-0--6-15--2-31101.png,1
test/silos_256-0-0--6-15--207-31267.png,0
test/silos_256-0-0--6-15--208-30056.png,1
test/silos_256-0-0--6-15--216-30189.png,1
test/silos_256-0-0--6-15--217-29326.png,0
test/silos_256-0-0--6-15--219-29856.png,1
test/silos_256-0-0--6-15--219-31236.png,1
test/silos_256-0-0--6-15--219-31242.png,0
test/silos_256-0-0--6-15--224-29440.png,1
test/silos_256-0-0--6-15--225-31269.png,1
test/silos_256-0-0--6-15--226-30192.png,1
test/silos_256-0-0--6-15--228-31027.png,0
test/silos_256-0-0--6-15--230-30195.png,1
test/silos_256-0-0--6-15--232-29508.png,1
test/silos_256-0-0--6-15--233-30498.png,1
test/silos_256-0-0--6-15--233-30823.png,1
test/silos_256-0-0--6-15--234-30498.png,1
test/silos_256-0-0--6-15--236-30596.png,0
test/silos_256-0-0--6-15--239-30022.png,0
test/silos_256-0-0--6-15--240-30198.png,1
test/silos_256-0-0--6-15--241-30199.png,1
test/silos_256-0-0--6-15--246-30181.png,1
test/silos_256-0-0--6-15--248-31041.png,0
test/silos_256-0-0--6-15--25-31278.png,0
test/silos_256-0-0--6-15--250-30685.png,0
test/silos_256-0-0--6-15--253-29445.png,1
test/silos_256-0-0--6-15--254-29496.png,1
test/silos_256-0-0--6-15--257-30027.png,0
test/silos_256-0-0--6-15--263-29319.png,0
test/silos_256-0-0--6-15--267-29449.png,0
test/silos_256-0-0--6-15--270-30247.png,1
test/silos_256-0-0--6-15--272-29423.png,1
test/silos_256-0-0--6-15--275-29446.png,1
test/silos_256-0-0--6-15--277-30078.png,1
test/silos_256-0-0--6-15--278-28357.png,1
test/silos_256-0-0--6-15--279-28351.png,1
test/silos_256-0-0--6-15--279-29424.png,1
test/silos_256-0-0--6-15--281-29445.png,1
test/silos_256-0-0--6-15--281-30021.png,0
test/silos_256-0-0--6-15--283-31216.png,0
test/silos_256-0-0--6-15--284-30025.png,0
test/silos_256-0-0--6-15--287-30011.png,0
test/silos_256-0-0--6-15--287-30079.png,1
test/silos_256-0-0--6-15--287-30080.png,1
test/silos_256-0-0--6-15--288-31264.png,0
test/silos_256-0-0--6-15--291-29929.png,0
test/silos_256-0-0--6-15--297-30195.png,0
test/silos_256-0-0--6-15--305-29822.png,0
test/silos_256-0-0--6-15--305-29948.png,0
test/silos_256-0-0--6-15--333-29983.png,0
test/silos_256-0-0--6-15--333-30000.png,0
test/silos_256-0-0--6-15--334-30397.png,1
test/silos_256-0-0--6-15--335-29976.png,1
test/silos_256-0-0--6-15--335-30006.png,0
test/silos_256-0-0--6-15--335-30015.png,1
test/silos_256-0-0--6-15--336-29940.png,0
test/silos_256-0-0--6-15--336-29973.png,1
test/silos_256-0-0--6-15--336-29976.png,1
test/silos_256-0-0--6-15--336-29997.png,1
test/silos_256-0-0--6-15--337-29941.png,0
test/silos_256-0-0--6-15--337-29944.png,0
test/silos_256-0-0--6-15--338-29954.png,0
test/silos_256-0-0--6-15--34-30972.png,0
test/silos_256-0-0--6-15--340-29959.png,0
test/silos_256-0-0--6-15--340-29960.png,0
test/silos_256-0-0--6-15--340-29975.png,1
test/silos_256-0-0--6-15--341-29978.png,1
test/silos_256-0-0--6-15--342-29977.png,1
test/silos_256-0-0--6-15--342-30977.png,0
test/silos_256-0-0--6-15--344-29959.png,0
test/silos_256-0-0--6-15--344-29980.png,1
test/silos_256-0-0--6-15--344-30452.png,0
test/silos_256-0-0--6-15--344-30639.png,0
test/silos_256-0-0--6-15--345-29959.png,0
test/silos_256-0-0--6-15--345-29971.png,0
test/silos_256-0-0--6-15--345-29976.png,1
test/silos_256-0-0--6-15--345-29982.png,0
test/silos_256-0-0--6-15--345-30008.png,0
test/silos_256-0-0--6-15--346-29997.png,0
test/silos_256-0-0--6-15--347-29992.png,0
test/silos_256-0-0--6-15--347-30003.png,0
test/silos_256-0-0--6-15--348-29940.png,0
test/silos_256-0-0--6-15--348-29954.png,0
test/silos_256-0-0--6-15--348-29984.png,0
test/silos_256-0-0--6-15--349-29944.png,0
test/silos_256-0-0--6-15--349-29994.png,0
test/silos_256-0-0--6-15--349-30007.png,0
test/silos_256-0-0--6-15--350-29950.png,0
test/silos_256-0-0--6-15--351-30950.png,0
test/silos_256-0-0--6-15--351-30956.png,0
test/silos_256-0-0--6-15--352-29940.png,0
test/silos_256-0-0--6-15--353-29972.png,0
test/silos_256-0-0--6-15--354-29957.png,1
test/silos_256-0-0--6-15--355-29979.png,0
test/silos_256-0-0--6-15--355-30018.png,0
test/silos_256-0-0--6-15--356-30010.png,0
test/silos_256-0-0--6-15--356-31302.png,0
test/silos_256-0-0--6-15--357-29371.png,0
test/silos_256-0-0--6-15--359-29962.png,0
test/silos_256-0-0--6-15--360-29999.png,0
test/silos_256-0-0--6-15--360-30006.png,0
test/silos_256-0-0--6-15--361-29976.png,0
test/silos_256-0-0--6-15--361-29993.png,0
test/silos_256-0-0--6-15--361-30692.png,0
test/silos_256-0-0--6-15--362-29980.png,0
test/silos_256-0-0--6-15--363-29873.png,0
test/silos_256-0-0--6-15--363-30004.png,0
test/silos_256-0-0--6-15--363-30292.png,0
test/silos_256-0-0--6-15--364-29955.png,0
test/silos_256-0-0--6-15--364-30004.png,0
test/silos_256-0-0--6-15--366-29963.png,0
test/silos_256-0-0--6-15--366-30012.png,0
test/silos_256-0-0--6-15--367-29993.png,0
test/silos_256-0-0--6-15--367-30018.png,0
test/silos_256-0-0--6-15--368-29946.png,0
test/silos_256-0-0--6-15--369-30010.png,0
test/silos_256-0-0--6-15--369-30019.png,0
test/silos_256-0-0--6-15--370-29952.png,0
test/silos_256-0-0--6-15--372-30000.png,0
test/silos_256-0-0--6-15--372-30001.png,0
test/silos_256-0-0--6-15--373-30012.png,0
test/silos_256-0-0--6-15--375-30000.png,0
test/silos_256-0-0--6-15--376-30000.png,0
test/silos_256-0-0--6-15--377-29955.png,0
test/silos_256-0-0--6-15--377-29983.png,0
test/silos_256-0-0--6-15--377-29987.png,0
test/silos_256-0-0--6-15--378-29965.png,0
test/silos_256-0-0--6-15--379-29973.png,0
test/silos_256-0-0--6-15--379-29979.png,0
test/silos_256-0-0--6-15--379-30012.png,0
test/silos_256-0-0--6-15--379-30019.png,1
test/silos_256-0-0--6-15--38-30591.png,1
test/silos_256-0-0--6-15--38-31300.png,1
test/silos_256-0-0--6-15--380-29943.png,0
test/silos_256-0-0--6-15--380-29963.png,0
test/silos_256-0-0--6-15--380-30003.png,0
test/silos_256-0-0--6-15--380-30012.png,0
test/silos_256-0-0--6-15--381-29986.png,0
test/silos_256-0-0--6-15--381-29997.png,0
test/silos_256-0-0--6-15--381-30002.png,0
test/silos_256-0-0--6-15--383-29954.png,0
test/silos_256-0-0--6-15--385-29967.png,1
test/silos_256-0-0--6-15--386-30009.png,1
test/silos_256-0-0--6-15--386-31241.png,0
test/silos_256-0-0--6-15--387-29975.png,0
test/silos_256-0-0--6-15--387-30004.png,0
test/silos_256-0-0--6-15--388-29961.png,1
test/silos_256-0-0--6-15--388-29962.png,1
test/silos_256-0-0--6-15--388-29976.png,1
test/silos_256-0-0--6-15--388-30015.png,1
test/silos_256-0-0--6-15--389-29967.png,0
test/silos_256-0-0--6-15--389-29988.png,0
test/silos_256-0-0--6-15--389-30013.png,0
test/silos_256-0-0--6-15--39-29692.png,0
test/silos_256-0-0--6-15--390-30004.png,0
test/silos_256-0-0--6-15--390-30006.png,0
test/silos_256-0-0--6-15--393-30020.png,0
test/silos_256-0-0--6-15--395-29973.png,0
test/silos_256-0-0--6-15--395-30007.png,0
test/silos_256-0-0--6-15--397-30015.png,0
test/silos_256-0-0--6-15--398-29960.png,0
test/silos_256-0-0--6-15--398-30003.png,1
test/silos_256-0-0--6-15--400-29636.png,0
test/silos_256-0-0--6-15--400-29967.png,0
test/silos_256-0-0--6-15--400-29991.png,1
test/silos_256-0-0--6-15--400-30008.png,1
test/silos_256-0-0--6-15--401-29452.png,0
test/silos_256-0-0--6-15--402-29969.png,1
test/silos_256-0-0--6-15--404-29949.png,0
test/silos_256-0-0--6-15--404-29954.png,0
test/silos_256-0-0--6-15--404-29993.png,0
test/silos_256-0-0--6-15--404-29997.png,0
test/silos_256-0-0--6-15--405-29976.png,0
test/silos_256-0-0--6-15--406-29981.png,0
test/silos_256-0-0--6-15--406-29993.png,0
test/silos_256-0-0--6-15--406-30000.png,0
test/silos_256-0-0--6-15--407-29961.png,0
test/silos_256-0-0--6-15--407-29983.png,0
test/silos_256-0-0--6-15--408-29952.png,0
test/silos_256-0-0--6-15--408-29972.png,1
test/silos_256-0-0--6-15--410-29975.png,1
test/silos_256-0-0--6-15--412-29982.png,0
test/silos_256-0-0--6-15--413-29995.png,0
test/silos_256-0-0--6-15--416-29965.png,0
test/silos_256-0-0--6-15--416-30019.png,1
test/silos_256-0-0--6-15--417-29976.png,1
test/silos_256-0-0--6-15--418-29997.png,0
test/silos_256-0-0--6-15--418-30528.png,1
test/silos_256-0-0--6-15--419-29942.png,0
test/silos_256-0-0--6-15--420-29960.png,1
test/silos_256-0-0--6-15--421-30002.png,0
test/silos_256-0-0--6-15--422-29981.png,1
test/silos_256-0-0--6-15--427-31151.png,1
test/silos_256-0-0--6-15--428-30908.png,0
test/silos_256-0-0--6-15--436-30306.png,1
test/silos_256-0-0--6-15--438-30596.png,1
test/silos_256-0-0--6-15--45-29267.png,0
test/silos_256-0-0--6-15--456-30708.png,0
test/silos_256-0-0--6-15--476-30611.png,1
test/silos_256-0-0--6-15--476-31103.png,0
test/silos_256-0-0--6-15--48-31242.png,0
test/silos_256-0-0--6-15--480-29727.png,0
test/silos_256-0-0--6-15--488-30190.png,1
test/silos_256-0-0--6-15--490-30321.png,0
test/silos_256-0-0--6-15--491-29707.png,0
test/silos_256-0-0--6-15--493-30166.png,1
test/silos_256-0-0--6-15--496-30010.png,1
test/silos_256-0-0--6-15--508-29748.png,0
test/silos_256-0-0--6-15--520-31015.png,0
test/silos_256-0-0--6-15--534-30295.png,1
test/silos_256-0-0--6-15--535-31307.png,1
test/silos_256-0-0--6-15--540-30411.png,1
test/silos_256-0-0--6-15--550-30305.png,1
test/silos_256-0-0--6-15--561-31152.png,0
test/silos_256-0-0--6-15--565-30302.png,1
test/silos_256-0-0--6-15--565-30997.png,0
test/silos_256-0-0--6-15--566-30294.png,1
test/silos_256-0-0--6-15--57-29584.png,0
test/silos_256-0-0--6-15--576-30312.png,1
test/silos_256-0-0--6-15--584-29358.png,0
test/silos_256-0-0--6-15--586-30278.png,1
test/silos_256-0-0--6-15--602-29764.png,0
test/silos_256-0-0--6-15--604-30194.png,1
test/silos_256-0-0--6-15--610-29925.png,0
test/silos_256-0-0--6-15--615-29808.png,0
test/silos_256-0-0--6-15--619-30271.png,1
test/silos_256-0-0--6-15--619-30272.png,1
test/silos_256-0-0--6-15--619-30306.png,1
test/silos_256-0-0--6-15--63-30210.png,0
test/silos_256-0-0--6-15--630-29510.png,0
test/silos_256-0-0--6-15--632-30324.png,1
test/silos_256-0-0--6-15--635-30337.png,1
test/silos_256-0-0--6-15--651-30676.png,1
test/silos_256-0-0--6-15--653-29709.png,0
test/silos_256-0-0--6-15--656-29449.png,0
test/silos_256-0-0--6-15--673-30332.png,0
test/silos_256-0-0--6-15--684-30397.png,0
test/silos_256-0-0--6-15--693-30361.png,1
test/silos_256-0-0--6-15--715-29617.png,0
test/silos_256-0-0--6-15--727-30470.png,0
test/silos_256-0-0--6-15--731-29854.png,0
test/silos_256-0-0--6-15--733-30918.png,0
test/silos_256-0-0--6-15--735-29719.png,1
test/silos_256-0-0--6-15--75-29617.png,0
test/silos_256-0-0--6-15--758-29697.png,1
test/silos_256-0-0--6-15--76-30597.png,0
test/silos_256-0-0--6-15--768-30776.png,0
test/silos_256-0-0--6-15--771-31297.png,1
test/silos_256-0-0--6-15--782-29729.png,0
test/silos_256-0-0--6-15--788-29635.png,0
test/silos_256-0-0--6-15--793-30385.png,0
test/silos_256-0-0--6-15--794-30415.png,0
test/silos_256-0-0--6-15--799-31195.png,0
test/silos_256-0-0--6-15--8-29843.png,0
test/silos_256-0-0--6-15--809-29453.png,0
test/silos_256-0-0--6-15--82-29907.png,0
test/silos_256-0-0--6-15--821-29708.png,1
test/silos_256-0-0--6-15--824-29621.png,0
test/silos_256-0-0--6-15--83-30402.png,1
test/silos_256-0-0--6-15--834-30441.png,0
test/silos_256-0-0--6-15--834-31482.png,1
test/silos_256-0-0--6-15--840-31155.png,0
test/silos_256-0-0--6-15--841-29677.png,1
test/silos_256-0-0--6-15--842-29484.png,1
test/silos_256-0-0--6-15--849-31030.png,0
test/silos_256-0-0--6-15--872-30080.png,0
test/silos_256-0-0--6-15--875-30537.png,1
test/silos_256-0-0--6-15--876-28198.png,1
test/silos_256-0-0--6-15--895-30961.png,1
test/silos_256-0-0--6-15--899-31116.png,1
test/silos_256-0-0--6-15--900-31287.png,1
test/silos_256-0-0--6-15--906-29898.png,1
test/silos_256-0-0--6-15--912-29899.png,0
test/silos_256-0-0--6-15--917-30492.png,0
test/silos_256-0-0--6-15--917-31258.png,1
test/silos_256-0-0--6-15--919-29513.png,1
test/silos_256-0-0--6-15--925-29881.png,0
test/silos_256-0-0--6-15--925-30938.png,0
test/silos_256-0-0--6-15--931-31107.png,0
test/silos_256-0-0--6-15--931-31326.png,0
test/silos_256-0-0--6-15--945-30244.png,0
test/silos_256-0-0--6-15--946-30276.png,0
test/silos_256-0-0--6-15--946-30470.png,1
test/silos_256-0-0--6-15--947-29943.png,0
test/silos_256-0-0--6-15--948-30738.png,0
test/silos_256-0-0--6-15--948-31231.png,0
test/silos_256-0-0--6-15--949-29691.png,0
test/silos_256-0-0--6-15--950-29498.png,1
test/silos_256-0-0--6-15--950-29730.png,0
test/silos_256-0-0--6-15--951-30495.png,0
test/silos_256-0-0--6-15--954-29675.png,0
test/silos_256-0-0--6-15--954-30104.png,0
test/silos_256-0-0--6-15--962-31252.png,1
test/silos_256-0-0--6-15--963-30255.png,0
test/silos_256-0-0--6-15--965-29661.png,1
test/silos_256-0-0--6-15--966-29990.png,0
test/silos_256-0-0--6-15--967-29667.png,1
test/silos_256-0-0--6-15--973-30481.png,0
test/silos_256-0-0--6-15--974-29686.png,0
test/silos_256-0-0--6-15--980-30754.png,0
test/silos_256-0-0--6-15--980-31226.png,1
test/silos_256-0-0--6-15--984-30208.png,0
test/silos_256-0-0--6-15--984-31466.png,1
test/silos_256-0-0--6-15--990-29317.png,0
test/silos_256-0-0--6-15--994-29372.png,0
test/silos_256-0-0--6-15--994-29694.png,0
test/silos_256-0-0--6-15-1-31749.png,1
test/silos_256-0-0--6-15-1011-29547.png,1
test/silos_256-0-0--6-15-1012-30244.png,0
test/silos_256-0-0--6-15-1018-30048.png,0
test/silos_256-0-0--6-15-1019-30118.png,1
test/silos_256-0-0--6-15-1034-30793.png,0
test/silos_256-0-0--6-15-1051-30267.png,0
test/silos_256-0-0--6-15-1062-28849.png,1
test/silos_256-0-0--6-15-1090-30659.png,1
test/silos_256-0-0--6-15-1108-28948.png,1
test/silos_256-0-0--6-15-1115-28946.png,1
test/silos_256-0-0--6-15-1127-30598.png,1
test/silos_256-0-0--6-15-1134-31566.png,1
test/silos_256-0-0--6-15-1138-30763.png,0
test/silos_256-0-0--6-15-1164-29988.png,0
test/silos_256-0-0--6-15-1164-29989.png,1
test/silos_256-0-0--6-15-1165-29989.png,1
test/silos_256-0-0--6-15-1169-30662.png,1
test/silos_256-0-0--6-15-1173-30036.png,0
test/silos_256-0-0--6-15-1185-30035.png,0
test/silos_256-0-0--6-15-1205-30012.png,1
test/silos_256-0-0--6-15-1207-29987.png,0
test/silos_256-0-0--6-15-1207-29988.png,0
test/silos_256-0-0--6-15-1210-30771.png,1
test/silos_256-0-0--6-15-1215-30508.png,1
test/silos_256-0-0--6-15-1217-30573.png,1
test/silos_256-0-0--6-15-1218-30573.png,1
test/silos_256-0-0--6-15-1218-30574.png,1
test/silos_256-0-0--6-15-1235-30663.png,1
test/silos_256-0-0--6-15-1236-30634.png,0
test/silos_256-0-0--6-15-1246-31286.png,1
test/silos_256-0-0--6-15-125-29269.png,1
test/silos_256-0-0--6-15-1251-31310.png,1
test/silos_256-0-0--6-15-1253-30652.png,1
test/silos_256-0-0--6-15-1257-30321.png,0
test/silos_256-0-0--6-15-1268-29902.png,1
test/silos_256-0-0--6-15-127-30705.png,0
test/silos_256-0-0--6-15-1274-31321.png,1
test/silos_256-0-0--6-15-1286-29437.png,1
test/silos_256-0-0--6-15-1286-29438.png,1
test/silos_256-0-0--6-15-1288-29941.png,0
test/silos_256-0-0--6-15-129-29912.png,0
test/silos_256-0-0--6-15-1291-31543.png,1
test/silos_256-0-0--6-15-1292-31545.png,1
test/silos_256-0-0--6-15-1295-31547.png,1
test/silos_256-0-0--6-15-13-30009.png,0
test/silos_256-0-0--6-15-1306-29927.png,1
test/silos_256-0-0--6-15-1308-29934.png,1
test/silos_256-0-0--6-15-1309-30163.png,1
test/silos_256-0-0--6-15-1359-30031.png,1
test/silos_256-0-0--6-15-1365-29228.png,1
test/silos_256-0-0--6-15-1368-29984.png,0
test/silos_256-0-0--6-15-1376-29989.png,1
test/silos_256-0-0--6-15-1389-29950.png,0
test/silos_256-0-0--6-15-1392-29948.png,1
test/silos_256-0-0--6-15-1393-29953.png,1
test/silos_256-0-0--6-15-1393-30049.png,0
test/silos_256-0-0--6-15-1415-29999.png,1
test/silos_256-0-0--6-15-1419-29475.png,0
test/silos_256-0-0--6-15-1423-29462.png,0
test/silos_256-0-0--6-15-1423-29553.png,1
test/silos_256-0-0--6-15-1423-30129.png,0
test/silos_256-0-0--6-15-1438-29575.png,1
test/silos_256-0-0--6-15-1454-30276.png,0
test/silos_256-0-0--6-15-1454-30742.png,0
test/silos_256-0-0--6-15-147-31012.png,0
test/silos_256-0-0--6-15-1471-29559.png,1
test/silos_256-0-0--6-15-1473-29505.png,0
test/silos_256-0-0--6-15-1488-29534.png,1
test/silos_256-0-0--6-15-1502-29540.png,1
test/silos_256-0-0--6-15-1503-29486.png,1
test/silos_256-0-0--6-15-1508-29478.png,1
test/silos_256-0-0--6-15-1581-30050.png,1
test/silos_256-0-0--6-15-194-31913.png,1
test/silos_256-0-0--6-15-200-29658.png,1
test/silos_256-0-0--6-15-21-30370.png,1
test/silos_256-0-0--6-15-211-29994.png,0
test/silos_256-0-0--6-15-214-31132.png,0
test/silos_256-0-0--6-15-22-30373.png,1
test/silos_256-0-0--6-15-231-29865.png,0
test/silos_256-0-0--6-15-239-30398.png,0
test/silos_256-0-0--6-15-240-29332.png,0
test/silos_256-0-0--6-15-240-30059.png,1
test/silos_256-0-0--6-15-247-30810.png,0
test/silos_256-0-0--6-15-252-30116.png,1
test/silos_256-0-0--6-15-264-29114.png,0
test/silos_256-0-0--6-15-268-29105.png,0
test/silos_256-0-0--6-15-268-29656.png,1
test/silos_256-0-0--6-15-271-29942.png,1
test/silos_256-0-0--6-15-275-29965.png,0
test/silos_256-0-0--6-15-281-29640.png,1
test/silos_256-0-0--6-15-287-29657.png,1
test/silos_256-0-0--6-15-291-29575.png,0
test/silos_256-0-0--6-15-295-28650.png,1
test/silos_256-0-0--6-15-296-29644.png,1
test/silos_256-0-0--6-15-307-29658.png,1
test/silos_256-0-0--6-15-31-29360.png,1
test/silos_256-0-0--6-15-311-29653.png,0
test/silos_256-0-0--6-15-312-29627.png,0
test/silos_256-0-0--6-15-321-29627.png,1
test/silos_256-0-0--6-15-321-29631.png,1
test/silos_256-0-0--6-15-330-29341.png,1
test/silos_256-0-0--6-15-342-29275.png,1
test/silos_256-0-0--6-15-352-30362.png,0
test/silos_256-0-0--6-15-354-29667.png,0
test/silos_256-0-0--6-15-358-29834.png,0
test/silos_256-0-0--6-15-36-30273.png,1
test/silos_256-0-0--6-15-375-31316.png,1
test/silos_256-0-0--6-15-376-31319.png,1
test/silos_256-0-0--6-15-376-32040.png,1
test/silos_256-0-0--6-15-389-30789.png,0
test/silos_256-0-0--6-15-39-29665.png,0
test/silos_256-0-0--6-15-39-30787.png,0
test/silos_256-0-0--6-15-390-30638.png,0
test/silos_256-0-0--6-15-392-31013.png,0
test/silos_256-0-0--6-15-393-30239.png,0
test/silos_256-0-0--6-15-411-29768.png,0
test/silos_256-0-0--6-15-417-30724.png,0
test/silos_256-0-0--6-15-42-32076.png,1
test/silos_256-0-0--6-15-445-29311.png,0
test/silos_256-0-0--6-15-455-30634.png,1
test/silos_256-0-0--6-15-456-29876.png,0
test/silos_256-0-0--6-15-46-29857.png,0
test/silos_256-0-0--6-15-467-30248.png,0
test/silos_256-0-0--6-15-47-29491.png,0
test/silos_256-0-0--6-15-47-31743.png,1
test/silos_256-0-0--6-15-48-30548.png,1
test/silos_256-0-0--6-15-495-29487.png,0
test/silos_256-0-0--6-15-496-29982.png,1
test/silos_256-0-0--6-15-498-31120.png,0
test/silos_256-0-0--6-15-520-30875.png,0
test/silos_256-0-0--6-15-524-30383.png,1
test/silos_256-0-0--6-15-533-30563.png,0
test/silos_256-0-0--6-15-534-29326.png,0
test/silos_256-0-0--6-15-534-30669.png,1
test/silos_256-0-0--6-15-538-29299.png,0
test/silos_256-0-0--6-15-546-30512.png,0
test/silos_256-0-0--6-15-568-29561.png,0
test/silos_256-0-0--6-15-570-30249.png,0
test/silos_256-0-0--6-15-584-30846.png,0
test/silos_256-0-0--6-15-596-30421.png,1
test/silos_256-0-0--6-15-60-30594.png,0
test/silos_256-0-0--6-15-600-29997.png,0
test/silos_256-0-0--6-15-604-29954.png,1
test/silos_256-0-0--6-15-614-30103.png,1
test/silos_256-0-0--6-15-624-31222.png,0
test/silos_256-0-0--6-15-632-30909.png,0
test/silos_256-0-0--6-15-64-30643.png,0
test/silos_256-0-0--6-15-642-30870.png,0
test/silos_256-0-0--6-15-647-30217.png,0
test/silos_256-0-0--6-15-651-30741.png,1
test/silos_256-0-0--6-15-656-30280.png,0
test/silos_256-0-0--6-15-660-29814.png,0
test/silos_256-0-0--6-15-662-29663.png,1
test/silos_256-0-0--6-15-663-29644.png,1
test/silos_256-0-0--6-15-672-29731.png,0
test/silos_256-0-0--6-15-674-29571.png,1
test/silos_256-0-0--6-15-695-29462.png,0
test/silos_256-0-0--6-15-70-30975.png,0
test/silos_256-0-0--6-15-701-30310.png,1
test/silos_256-0-0--6-15-704-30335.png,1
test/silos_256-0-0--6-15-707-29502.png,0
test/silos_256-0-0--6-15-711-30079.png,1
test/silos_256-0-0--6-15-719-31153.png,0
test/silos_256-0-0--6-15-722-30550.png,0
test/silos_256-0-0--6-15-725-30094.png,0
test/silos_256-0-0--6-15-729-30805.png,0
test/silos_256-0-0--6-15-731-29662.png,1
test/silos_256-0-0--6-15-735-29663.png,1
test/silos_256-0-0--6-15-739-31018.png,0
test/silos_256-0-0--6-15-744-30224.png,1
test/silos_256-0-0--6-15-75-30716.png,0
test/silos_256-0-0--6-15-753-30737.png,0
test/silos_256-0-0--6-15-759-31074.png,0
test/silos_256-0-0--6-15-763-30489.png,0
test/silos_256-0-0--6-15-768-30721.png,0
test/silos_256-0-0--6-15-773-30336.png,1
test/silos_256-0-0--6-15-779-29270.png,1
test/silos_256-0-0--6-15-78-31638.png,1
test/silos_256-0-0--6-15-78-31639.png,1
test/silos_256-0-0--6-15-786-29939.png,1
test/silos_256-0-0--6-15-787-29454.png,1
test/silos_256-0-0--6-15-800-30335.png,0
test/silos_256-0-0--6-15-81-29607.png,0
test/silos_256-0-0--6-15-822-30226.png,0
test/silos_256-0-0--6-15-83-31206.png,0
test/silos_256-0-0--6-15-839-31243.png,1
test/silos_256-0-0--6-15-849-30408.png,1
test/silos_256-0-0--6-15-849-30971.png,0
test/silos_256-0-0--6-15-852-29725.png,0
test/silos_256-0-0--6-15-852-30561.png,0
test/silos_256-0-0--6-15-855-29553.png,0
test/silos_256-0-0--6-15-861-30052.png,0
test/silos_256-0-0--6-15-878-30725.png,1
test/silos_256-0-0--6-15-880-29589.png,0
test/silos_256-0-0--6-15-89-30544.png,0
test/silos_256-0-0--6-15-895-30305.png,0
test/silos_256-0-0--6-15-902-30941.png,0
test/silos_256-0-0--6-15-905-29433.png,0
test/silos_256-0-0--6-15-912-29782.png,1
test/silos_256-0-0--6-15-945-29317.png,1
test/silos_256-0-0--6-15-98-31288.png,0
test/silos_256-0-0--6-15-982-29800.png,0
test/silos_256-0-0--6-15-997-30669.png,0
test/silos_256-0-0--6-16--1006-28427.png,1
test/silos_256-0-0--6-16--1014-29801.png,1
test/silos_256-0-0--6-16--1026-30482.png,0
test/silos_256-0-0--6-16--1028-31996.png,1
test/silos_256-0-0--6-16--1033-30744.png,1
test/silos_256-0-0--6-16--1034-30744.png,1
test/silos_256-0-0--6-16--1042-30749.png,1
test/silos_256-0-0--6-16--1043-31147.png,1
test/silos_256-0-0--6-16--1044-28459.png,1
test/silos_256-0-0--6-16--1045-31146.png,0
test/silos_256-0-0--6-16--1045-31147.png,0
test/silos_256-0-0--6-16--1048-28296.png,1
test/silos_256-0-0--6-16--1050-31285.png,1
test/silos_256-0-0--6-16--1052-28746.png,1
test/silos_256-0-0--6-16--1052-28747.png,1
test/silos_256-0-0--6-16--1054-28748.png,1
test/silos_256-0-0--6-16--1054-28749.png,1
test/silos_256-0-0--6-16--1074-30643.png,1
test/silos_256-0-0--6-16--1084-31254.png,1
test/silos_256-0-0--6-16--1086-32016.png,1
test/silos_256-0-0--6-16--1088-29000.png,1
test/silos_256-0-0--6-16--1089-28825.png,1
test/silos_256-0-0--6-16--1095-28686.png,0
test/silos_256-0-0--6-16--1111-29184.png,1
test/silos_256-0-0--6-16--1117-30951.png,1
test/silos_256-0-0--6-16--1119-30214.png,0
test/silos_256-0-0--6-16--1121-30621.png,1
test/silos_256-0-0--6-16--1127-29149.png,1
test/silos_256-0-0--6-16--1134-30982.png,1
test/silos_256-0-0--6-16--1138-28600.png,1
test/silos_256-0-0--6-16--1141-29132.png,1
test/silos_256-0-0--6-16--1151-28586.png,0
test/silos_256-0-0--6-16--1155-28595.png,1
test/silos_256-0-0--6-16--1156-29267.png,1
test/silos_256-0-0--6-16--1163-31014.png,1
test/silos_256-0-0--6-16--1164-28410.png,1
test/silos_256-0-0--6-16--1175-30843.png,0
test/silos_256-0-0--6-16--1179-28665.png,0
test/silos_256-0-0--6-16--1180-28585.png,1
test/silos_256-0-0--6-16--1183-28592.png,1
test/silos_256-0-0--6-16--1189-28582.png,1
test/silos_256-0-0--6-16--1194-28634.png,1
test/silos_256-0-0--6-16--1195-28626.png,0
test/silos_256-0-0--6-16--1195-28676.png,1
test/silos_256-0-0--6-16--1195-28693.png,1
test/silos_256-0-0--6-16--1198-29071.png,1
test/silos_256-0-0--6-16--1198-30342.png,1
test/silos_256-0-0--6-16--1200-30813.png,1
test/silos_256-0-0--6-16--1201-28601.png,1
test/silos_256-0-0--6-16--1204-28816.png,1
test/silos_256-0-0--6-16--1212-28834.png,1
test/silos_256-0-0--6-16--1218-28945.png,1
test/silos_256-0-0--6-16--1233-30806.png,1
test/silos_256-0-0--6-16--1234-28845.png,1
test/silos_256-0-0--6-16--1235-28844.png,1
test/silos_256-0-0--6-16--1240-28846.png,1
test/silos_256-0-0--6-16--1256-29021.png,1
test/silos_256-0-0--6-16--1256-29029.png,1
test/silos_256-0-0--6-16--1265-28771.png,1
test/silos_256-0-0--6-16--1270-30867.png,1
test/silos_256-0-0--6-16--1273-28849.png,1
test/silos_256-0-0--6-16--1274-28849.png,1
test/silos_256-0-0--6-16--1283-30750.png,0
test/silos_256-0-0--6-16--1289-31155.png,1
test/silos_256-0-0--6-16--1308-30598.png,1
test/silos_256-0-0--6-16--1331-28597.png,1
test/silos_256-0-0--6-16--1336-28597.png,1
test/silos_256-0-0--6-16--1337-28597.png,0
test/silos_256-0-0--6-16--1337-31029.png,1
test/silos_256-0-0--6-16--1339-30951.png,1
test/silos_256-0-0--6-16--135-28710.png,0
test/silos_256-0-0--6-16--1356-29303.png,1
test/silos_256-0-0--6-16--1358-28892.png,1
test/silos_256-0-0--6-16--1358-29285.png,1
test/silos_256-0-0--6-16--1363-31006.png,1
test/silos_256-0-0--6-16--1364-29311.png,1
test/silos_256-0-0--6-16--1371-28901.png,1
test/silos_256-0-0--6-16--1373-28723.png,1
test/silos_256-0-0--6-16--1373-28728.png,1
test/silos_256-0-0--6-16--1374-28728.png,0
test/silos_256-0-0--6-16--1379-28863.png,1
test/silos_256-0-0--6-16--1380-28861.png,1
test/silos_256-0-0--6-16--1382-28868.png,1
test/silos_256-0-0--6-16--1395-28666.png,1
test/silos_256-0-0--6-16--1395-29265.png,1
test/silos_256-0-0--6-16--1400-28687.png,1
test/silos_256-0-0--6-16--1417-28765.png,1
test/silos_256-0-0--6-16--1417-29400.png,0
test/silos_256-0-0--6-16--1421-29017.png,1
test/silos_256-0-0--6-16--1423-29014.png,0
test/silos_256-0-0--6-16--1426-28772.png,0
test/silos_256-0-0--6-16--1427-28771.png,1
test/silos_256-0-0--6-16--1430-28771.png,1
test/silos_256-0-0--6-16--1438-28584.png,1
test/silos_256-0-0--6-16--1439-28987.png,1
test/silos_256-0-0--6-16--1451-30131.png,0
test/silos_256-0-0--6-16--1457-30141.png,0
test/silos_256-0-0--6-16--1465-30027.png,1
test/silos_256-0-0--6-16--1473-28780.png,1
test/silos_256-0-0--6-16--1482-28470.png,0
test/silos_256-0-0--6-16--1482-28507.png,1
test/silos_256-0-0--6-16--1482-28510.png,1
test/silos_256-0-0--6-16--1482-28576.png,1
test/silos_256-0-0--6-16--1483-28416.png,1
test/silos_256-0-0--6-16--1484-28365.png,1
test/silos_256-0-0--6-16--1484-28388.png,1
test/silos_256-0-0--6-16--1487-30737.png,1
test/silos_256-0-0--6-16--1524-29864.png,1
test/silos_256-0-0--6-16--1530-30648.png,0
test/silos_256-0-0--6-16--1543-28608.png,0
test/silos_256-0-0--6-16--1556-28552.png,1
test/silos_256-0-0--6-16--1585-28866.png,1
test/silos_256-0-0--6-16--1600-29077.png,1
test/silos_256-0-0--6-16--1603-30160.png,1
test/silos_256-0-0--6-16--1610-28543.png,1
test/silos_256-0-0--6-16--165-28692.png,1
test/silos_256-0-0--6-16--171-28700.png,0
test/silos_256-0-0--6-16--206-28648.png,0
test/silos_256-0-0--6-16--209-28786.png,0
test/silos_256-0-0--6-16--237-29390.png,1
test/silos_256-0-0--6-16--246-28813.png,1
test/silos_256-0-0--6-16--253-28861.png,1
test/silos_256-0-0--6-16--254-28860.png,1
test/silos_256-0-0--6-16--278-28869.png,1
test/silos_256-0-0--6-16--280-30047.png,1
test/silos_256-0-0--6-16--281-30048.png,1
test/silos_256-0-0--6-16--282-28811.png,1
test/silos_256-0-0--6-16--287-28788.png,1
test/silos_256-0-0--6-16--292-28663.png,1
test/silos_256-0-0--6-16--292-28664.png,1
test/silos_256-0-0--6-16--294-28970.png,1
test/silos_256-0-0--6-16--296-28874.png,1
test/silos_256-0-0--6-16--317-31991.png,1
test/silos_256-0-0--6-16--416-28698.png,1
test/silos_256-0-0--6-16--479-29931.png,1
test/silos_256-0-0--6-16--480-29825.png,1
test/silos_256-0-0--6-16--481-29819.png,1
test/silos_256-0-0--6-16--481-29833.png,1
test/silos_256-0-0--6-16--481-29840.png,0
test/silos_256-0-0--6-16--482-29839.png,1
test/silos_256-0-0--6-16--482-29844.png,1
test/silos_256-0-0--6-16--486-31309.png,1
test/silos_256-0-0--6-16--489-30706.png,1
test/silos_256-0-0--6-16--495-31832.png,1
test/silos_256-0-0--6-16--508-30536.png,1
test/silos_256-0-0--6-16--509-30097.png,1
test/silos_256-0-0--6-16--521-28510.png,1
test/silos_256-0-0--6-16--525-29091.png,1
test/silos_256-0-0--6-16--527-30537.png,1
test/silos_256-0-0--6-16--531-28854.png,1
test/silos_256-0-0--6-16--531-30062.png,1
test/silos_256-0-0--6-16--552-30531.png,0
test/silos_256-0-0--6-16--556-28763.png,1
test/silos_256-0-0--6-16--561-29552.png,1
test/silos_256-0-0--6-16--565-29104.png,1
test/silos_256-0-0--6-16--567-30942.png,0
test/silos_256-0-0--6-16--571-28852.png,1
test/silos_256-0-0--6-16--571-29562.png,0
test/silos_256-0-0--6-16--578-28911.png,1
test/silos_256-0-0--6-16--580-29544.png,0
test/silos_256-0-0--6-16--580-31808.png,1
test/silos_256-0-0--6-16--593-31928.png,1
test/silos_256-0-0--6-16--595-29117.png,1
test/silos_256-0-0--6-16--600-30291.png,1
test/silos_256-0-0--6-16--607-29102.png,0
test/silos_256-0-0--6-16--631-30415.png,1
test/silos_256-0-0--6-16--632-28906.png,1
test/silos_256-0-0--6-16--635-28797.png,1
test/silos_256-0-0--6-16--640-30116.png,1
test/silos_256-0-0--6-16--641-28827.png,1
test/silos_256-0-0--6-16--644-30049.png,1
test/silos_256-0-0--6-16--661-30164.png,1
test/silos_256-0-0--6-16--668-29109.png,1
test/silos_256-0-0--6-16--669-28775.png,1
test/silos_256-0-0--6-16--674-28775.png,1
test/silos_256-0-0--6-16--678-29506.png,0
test/silos_256-0-0--6-16--682-29101.png,1
test/silos_256-0-0--6-16--683-29875.png,0
test/silos_256-0-0--6-16--691-29867.png,1
test/silos_256-0-0--6-16--693-29101.png,1
test/silos_256-0-0--6-16--696-29871.png,0
test/silos_256-0-0--6-16--699-28826.png,1
test/silos_256-0-0--6-16--704-28912.png,1
test/silos_256-0-0--6-16--704-29430.png,1
test/silos_256-0-0--6-16--704-30190.png,1
test/silos_256-0-0--6-16--710-30640.png,1
test/silos_256-0-0--6-16--712-29290.png,1
test/silos_256-0-0--6-16--716-29099.png,1
test/silos_256-0-0--6-16--717-29299.png,1
test/silos_256-0-0--6-16--720-28785.png,1
test/silos_256-0-0--6-16--722-29316.png,1
test/silos_256-0-0--6-16--723-30244.png,1
test/silos_256-0-0--6-16--724-31920.png,1
test/silos_256-0-0--6-16--727-29103.png,1
test/silos_256-0-0--6-16--729-29299.png,1
test/silos_256-0-0--6-16--730-29103.png,1
test/silos_256-0-0--6-16--733-29104.png,1
test/silos_256-0-0--6-16--734-28946.png,1
test/silos_256-0-0--6-16--734-29112.png,1
test/silos_256-0-0--6-16--736-29119.png,1
test/silos_256-0-0--6-16--749-30167.png,1
test/silos_256-0-0--6-16--749-31038.png,0
test/silos_256-0-0--6-16--749-31039.png,0
test/silos_256-0-0--6-16--752-29293.png,1
test/silos_256-0-0--6-16--775-29553.png,1
test/silos_256-0-0--6-16--783-29100.png,1
test/silos_256-0-0--6-16--791-29100.png,0
test/silos_256-0-0--6-16--810-31860.png,1
test/silos_256-0-0--6-16--812-28793.png,1
test/silos_256-0-0--6-16--812-28794.png,1
test/silos_256-0-0--6-16--813-28822.png,0
test/silos_256-0-0--6-16--816-29876.png,1
test/silos_256-0-0--6-16--823-31570.png,1
test/silos_256-0-0--6-16--828-31400.png,1
test/silos_256-0-0--6-16--831-31552.png,1
test/silos_256-0-0--6-16--834-31739.png,1
test/silos_256-0-0--6-16--865-30481.png,0
test/silos_256-0-0--6-16--866-30810.png,1
test/silos_256-0-0--6-16--885-29719.png,1
test/silos_256-0-0--6-16--897-28425.png,1
test/silos_256-0-0--6-16--907-28923.png,0
test/silos_256-0-0--6-16--907-30276.png,1
test/silos_256-0-0--6-16--921-31347.png,1
test/silos_256-0-0--6-16--934-29471.png,1
test/silos_256-0-0--6-16--947-28196.png,1
test/silos_256-0-0--6-16--949-31711.png,0
test/silos_256-0-0--6-16--950-31294.png,1
test/silos_256-0-0--6-16--951-30113.png,1
test/silos_256-0-0--6-16--951-30114.png,1
test/silos_256-0-0--6-16--953-31674.png,1
test/silos_256-0-0--6-16--959-30437.png,1
test/silos_256-0-0--6-16--96-28152.png,1
test/silos_256-0-0--6-16--960-31119.png,1
test/silos_256-0-0--6-16--976-29312.png,1
test/silos_256-0-0--6-16--976-30508.png,1
test/silos_256-0-0--6-16--977-30509.png,1
test/silos_256-0-0--6-16--981-29515.png,1
test/silos_256-0-0--6-16--996-29301.png,1
test/silos_256-0-0--6-16--997-30741.png,1
test/silos_256-0-0--6-16--999-30554.png,0
test/silos_256-0-0--6-16--999-30742.png,1
test/silos_256-0-0--6-16-104-29163.png,1
test/silos_256-0-0--6-16-119-29173.png,1
test/silos_256-0-0--6-16-13-28152.png,1
test/silos_256-0-0--6-16-195-29261.png,1
test/silos_256-0-0--6-16-244-29531.png,1
test/silos_256-0-0--6-16-244-29532.png,1
test/silos_256-0-0--6-16-26-28182.png,1
test/silos_256-0-0--6-16-274-29451.png,1
test/silos_256-0-0--6-16-28-28126.png,1
test/silos_256-0-0--6-16-305-29340.png,1
test/silos_256-0-0--6-16-333-29034.png,1
test/silos_256-0-0--6-16-363-30071.png,0
test/silos_256-0-0--6-16-404-29740.png,0
test/silos_256-0-0--6-16-415-29711.png,1
test/silos_256-0-0--6-16-432-28538.png,1
test/silos_256-0-0--6-16-450-28667.png,1
test/silos_256-0-0--6-16-471-30063.png,1
test/silos_256-0-0--6-16-472-29195.png,1
test/silos_256-0-0--6-16-54-28220.png,1
test/silos_256-0-0--6-16-82-30071.png,1
