filename,class,split
silos_256-0-0--6-15--152-30320.png,0,validation
silos_256-0-0--6-15--1195-31353.png,0,train
silos_256-0-0--6-15-283-30628.png,0,train
silos_256-0-0--6-15--339-30012.png,0,validation
silos_256-0-0--6-15--404-30011.png,0,train
silos_256-0-0--6-15--423-29983.png,0,train
silos_256-0-0--6-15--348-29968.png,0,validation
silos_256-0-0--6-15-931-30584.png,0,train
silos_256-0-0--6-15--340-29968.png,0,validation
silos_256-0-0--6-15--983-29423.png,0,train
silos_256-0-0--6-15-297-30674.png,0,train
silos_256-0-0--6-15-656-29924.png,0,validation
silos_256-0-0--6-15--959-30500.png,0,train
silos_256-0-0--6-15--399-29973.png,0,validation
silos_256-0-0--6-15--1433-30707.png,0,validation
silos_256-0-0--6-15--912-29899.png,0,test
silos_256-0-0--6-15--362-30002.png,0,validation
silos_256-0-0--6-14-1590-30822.png,0,train
silos_256-0-0--6-15-281-29963.png,0,train
silos_256-0-0--6-15--419-29982.png,0,train
silos_256-0-0--6-15--650-30182.png,0,train
silos_256-0-0--6-15--218-31234.png,0,train
silos_256-0-0--6-15-1009-30758.png,0,train
silos_256-0-0--6-15-864-29200.png,0,train
silos_256-0-0--6-15-266-29391.png,0,validation
silos_256-0-0--6-15--388-29994.png,0,train
silos_256-0-0--6-15-991-30265.png,0,train
silos_256-0-0--6-15--1320-30650.png,0,train
silos_256-0-0--6-15--421-30003.png,0,train
silos_256-0-0--6-15-492-30666.png,0,train
silos_256-0-0--6-15--157-31091.png,0,train
silos_256-0-0--6-15--859-29851.png,0,train
silos_256-0-0--6-15-972-30454.png,0,train
silos_256-0-0--6-15--774-29912.png,0,validation
silos_256-0-0--6-15--377-30011.png,0,validation
silos_256-0-0--6-15-991-30623.png,0,train
silos_256-0-0--6-15--1305-30806.png,0,train
silos_256-0-0--6-15--410-29941.png,0,train
silos_256-0-0--6-15--349-30011.png,0,train
silos_256-0-0--6-14-1509-30875.png,0,train
silos_256-0-0--6-15--628-30321.png,0,validation
silos_256-0-0--6-15--380-29961.png,0,train
silos_256-0-0--6-15--1085-29888.png,0,train
silos_256-0-0--6-15-735-29231.png,0,validation
silos_256-0-0--6-15--178-31256.png,0,train
silos_256-0-0--6-15--115-29538.png,0,train
silos_256-0-0--6-15--362-29998.png,0,train
silos_256-0-0--6-15--647-29428.png,0,train
silos_256-0-0--6-15--1466-30208.png,0,test
silos_256-0-0--6-14-1364-31044.png,0,train
silos_256-0-0--6-15-454-29537.png,0,train
silos_256-0-0--6-15--518-29962.png,0,train
silos_256-0-0--6-15--1313-29720.png,0,test
silos_256-0-0--6-15--48-31242.png,0,test
silos_256-0-0--6-15-730-30817.png,0,train
silos_256-0-0--6-15--270-30163.png,0,train
silos_256-0-0--6-15--946-30709.png,0,validation
silos_256-0-0--6-15--388-29638.png,0,train
silos_256-0-0--6-15--417-29978.png,0,train
silos_256-0-0--6-15--1284-31240.png,0,train
silos_256-0-0--6-15--334-30397.png,0,test
silos_256-0-0--6-15-687-29904.png,0,train
silos_256-0-0--6-15--343-30011.png,0,train
silos_256-0-0--6-15--347-30691.png,0,train
silos_256-0-0--6-15--1426-30440.png,0,train
silos_256-0-0--6-15-491-30748.png,0,validation
silos_256-0-0--6-15--404-30015.png,0,train
silos_256-0-0--6-15--415-29994.png,0,train
silos_256-0-0--6-15-772-29539.png,0,train
silos_256-0-0--6-15-732-29685.png,0,train
silos_256-0-0--6-15--373-29954.png,0,train
silos_256-0-0--6-15--1314-31244.png,0,test
silos_256-0-0--6-15--723-29850.png,0,train
silos_256-0-0--6-15--908-29885.png,0,train
silos_256-0-0--6-15--1421-30063.png,0,validation
silos_256-0-0--6-15--417-29970.png,0,train
silos_256-0-0--6-15--883-29337.png,0,validation
silos_256-0-0--6-15-696-31143.png,0,train
silos_256-0-0--6-15-190-30758.png,0,validation
silos_256-0-0--6-15--1568-31083.png,0,train
silos_256-0-0--6-15--925-29881.png,0,test
silos_256-0-0--6-15-83-30643.png,0,validation
silos_256-0-0--6-15--415-29977.png,0,train
silos_256-0-0--6-15--1295-30706.png,0,test
silos_256-0-0--6-15--1118-30694.png,0,train
silos_256-0-0--6-15-607-30983.png,0,train
silos_256-0-0--6-15-279-30099.png,0,train
silos_256-0-0--6-14-1476-31038.png,0,train
silos_256-0-0--6-15--505-29497.png,0,train
silos_256-0-0--6-15--397-29947.png,0,train
silos_256-0-0--6-15--398-30016.png,0,train
silos_256-0-0--6-15-1308-29955.png,0,train
silos_256-0-0--6-15-687-30311.png,0,validation
silos_256-0-0--6-14-1281-31369.png,0,test
silos_256-0-0--6-15-668-30078.png,0,train
silos_256-0-0--6-15--1262-31223.png,0,train
silos_256-0-0--6-15-426-29919.png,0,train
silos_256-0-0--6-14-1452-30984.png,0,train
silos_256-0-0--6-15--1369-31377.png,0,test
silos_256-0-0--6-15--912-29893.png,0,validation
silos_256-0-0--6-15--194-30664.png,0,train
silos_256-0-0--6-15--357-29987.png,0,train
silos_256-0-0--6-15--114-29287.png,0,train
silos_256-0-0--6-15--183-29812.png,0,train
silos_256-0-0--6-15--476-31103.png,0,test
silos_256-0-0--6-15-964-30668.png,0,validation
silos_256-0-0--6-15-417-30724.png,0,test
silos_256-0-0--6-15--1354-29261.png,0,train
silos_256-0-0--6-15--412-30890.png,0,validation
silos_256-0-0--6-15--347-29990.png,0,train
silos_256-0-0--6-15--817-30238.png,0,validation
silos_256-0-0--6-15--355-30018.png,0,test
silos_256-0-0--6-15-965-30703.png,0,validation
silos_256-0-0--6-15--420-29964.png,0,train
silos_256-0-0--6-15-46-30392.png,0,train
silos_256-0-0--6-15--764-29941.png,0,train
silos_256-0-0--6-15-100-30306.png,0,train
silos_256-0-0--6-15--335-29976.png,0,test
silos_256-0-0--6-15-29-30593.png,0,train
silos_256-0-0--6-15--1376-31081.png,0,validation
silos_256-0-0--6-15-981-29872.png,0,validation
silos_256-0-0--6-15--348-29985.png,0,validation
silos_256-0-0--6-15--322-29365.png,0,train
silos_256-0-0--6-15-306-30613.png,0,train
silos_256-0-0--6-15-575-29905.png,0,validation
silos_256-0-0--6-15-548-29869.png,0,train
silos_256-0-0--6-15--415-29960.png,0,validation
silos_256-0-0--6-15--1578-29760.png,0,validation
silos_256-0-0--6-15--1046-29585.png,0,train
silos_256-0-0--6-15-1203-29930.png,0,train
silos_256-0-0--6-15-1009-29417.png,0,train
silos_256-0-0--6-15--1161-29527.png,0,train
silos_256-0-0--6-15-1284-30197.png,0,validation
silos_256-0-0--6-15--350-29942.png,0,train
silos_256-0-0--6-15-653-29479.png,0,train
silos_256-0-0--6-15--405-29971.png,0,train
silos_256-0-0--6-15--353-30012.png,0,train
silos_256-0-0--6-15--686-29688.png,0,validation
silos_256-0-0--6-15-1358-29947.png,0,train
silos_256-0-0--6-15--1049-30424.png,0,train
silos_256-0-0--6-15--792-29916.png,0,train
silos_256-0-0--6-15-826-29738.png,0,validation
silos_256-0-0--6-15--118-30710.png,0,train
silos_256-0-0--6-15--709-30344.png,0,validation
silos_256-0-0--6-15--403-30008.png,0,train
silos_256-0-0--6-15--381-29986.png,0,test
silos_256-0-0--6-15--1491-30163.png,0,test
silos_256-0-0--6-15--352-29987.png,0,validation
silos_256-0-0--6-15--335-30006.png,0,test
silos_256-0-0--6-15-877-29915.png,0,validation
silos_256-0-0--6-15-292-30030.png,0,train
silos_256-0-0--6-15-1053-30160.png,0,train
silos_256-0-0--6-15--712-31289.png,0,train
silos_256-0-0--6-15--423-29984.png,0,train
silos_256-0-0--6-14-1431-30465.png,0,train
silos_256-0-0--6-15--968-29731.png,0,validation
silos_256-0-0--6-15--1280-30842.png,0,test
silos_256-0-0--6-15--334-30006.png,0,train
silos_256-0-0--6-14-1528-30755.png,0,train
silos_256-0-0--6-15--369-30013.png,0,train
silos_256-0-0--6-15--360-29948.png,0,train
silos_256-0-0--6-15--1450-29780.png,0,validation
silos_256-0-0--6-15--873-31293.png,0,validation
silos_256-0-0--6-15--528-29608.png,0,validation
silos_256-0-0--6-15-1496-29737.png,0,validation
silos_256-0-0--6-15--352-29972.png,0,train
silos_256-0-0--6-15--1480-31257.png,0,train
silos_256-0-0--6-15-1188-30640.png,0,train
silos_256-0-0--6-15-606-30526.png,0,train
silos_256-0-0--6-15--427-30496.png,0,train
silos_256-0-0--6-15-1335-30466.png,0,validation
silos_256-0-0--6-15--1146-30723.png,0,test
silos_256-0-0--6-15--345-29946.png,0,train
silos_256-0-0--6-15--895-30173.png,0,train
silos_256-0-0--6-15--22-29322.png,0,train
silos_256-0-0--6-15--149-29613.png,0,train
silos_256-0-0--6-15--348-29954.png,0,test
silos_256-0-0--6-15-563-30756.png,0,train
silos_256-0-0--6-15-1021-29549.png,0,train
silos_256-0-0--6-15--336-30012.png,0,train
silos_256-0-0--6-15-697-31174.png,0,train
silos_256-0-0--6-15--929-29558.png,0,train
silos_256-0-0--6-15--990-29317.png,0,test
silos_256-0-0--6-14-1468-31293.png,0,train
silos_256-0-0--6-15--489-29860.png,0,validation
silos_256-0-0--6-15--333-29965.png,0,train
silos_256-0-0--6-15--431-29904.png,0,train
silos_256-0-0--6-15-196-31149.png,0,train
silos_256-0-0--6-15--1376-31169.png,0,train
silos_256-0-0--6-14-1577-30875.png,0,train
silos_256-0-0--6-15--856-29873.png,0,train
silos_256-0-0--6-15-292-29930.png,0,train
silos_256-0-0--6-15--728-30048.png,0,train
silos_256-0-0--6-15--103-30107.png,0,train
silos_256-0-0--6-15--330-29248.png,0,train
silos_256-0-0--6-15--1128-31157.png,0,train
silos_256-0-0--6-15-1483-30319.png,0,validation
silos_256-0-0--6-15-576-30251.png,0,train
silos_256-0-0--6-15--974-31321.png,0,validation
silos_256-0-0--6-15--370-29944.png,0,train
silos_256-0-0--6-15--397-29977.png,0,train
silos_256-0-0--6-15-759-30766.png,0,train
silos_256-0-0--6-15-988-30179.png,0,validation
silos_256-0-0--6-15--901-30722.png,0,train
silos_256-0-0--6-15-554-29517.png,0,train
silos_256-0-0--6-15-1074-29567.png,0,train
silos_256-0-0--6-15--297-29690.png,0,train
silos_256-0-0--6-15--383-30012.png,0,train
silos_256-0-0--6-15--1210-29871.png,0,train
silos_256-0-0--6-15--398-30597.png,0,train
silos_256-0-0--6-15--357-29958.png,0,validation
silos_256-0-0--6-15-50-30742.png,0,train
silos_256-0-0--6-15--1332-30251.png,0,validation
silos_256-0-0--6-15--361-29976.png,0,test
silos_256-0-0--6-15-736-30272.png,0,train
silos_256-0-0--6-15-635-29472.png,0,train
silos_256-0-0--6-15--392-30017.png,0,train
silos_256-0-0--6-15--421-30005.png,0,train
silos_256-0-0--6-15-330-29341.png,0,test
silos_256-0-0--6-15--250-29902.png,0,train
silos_256-0-0--6-15-1348-30330.png,0,train
silos_256-0-0--6-15--391-29991.png,0,validation
silos_256-0-0--6-15--872-29556.png,0,train
silos_256-0-0--6-15--412-30013.png,0,validation
silos_256-0-0--6-15-1524-30220.png,0,train
silos_256-0-0--6-15-150-30390.png,0,train
silos_256-0-0--6-15--1523-30671.png,0,validation
silos_256-0-0--6-15--897-29948.png,0,train
silos_256-0-0--6-15-121-31131.png,0,validation
silos_256-0-0--6-15--352-30312.png,0,train
silos_256-0-0--6-15-55-29251.png,0,validation
silos_256-0-0--6-15--632-30324.png,0,test
silos_256-0-0--6-15--1367-31052.png,0,test
silos_256-0-0--6-15-53-29800.png,0,train
silos_256-0-0--6-15--389-30005.png,0,train
silos_256-0-0--6-15--409-29950.png,0,train
silos_256-0-0--6-15--842-29484.png,0,test
silos_256-0-0--6-15--337-29997.png,0,train
silos_256-0-0--6-15--75-29289.png,0,train
silos_256-0-0--6-15-589-30038.png,0,validation
silos_256-0-0--6-15--1511-29991.png,0,validation
silos_256-0-0--6-15--364-29866.png,0,train
silos_256-0-0--6-15--409-30015.png,0,train
silos_256-0-0--6-15--598-30422.png,0,train
silos_256-0-0--6-15--345-29955.png,0,validation
silos_256-0-0--6-15-113-29707.png,0,train
silos_256-0-0--6-15--1318-30432.png,0,train
silos_256-0-0--6-15--718-29595.png,0,train
silos_256-0-0--6-15-1463-30142.png,0,train
silos_256-0-0--6-15-329-30030.png,0,train
silos_256-0-0--6-15--178-30093.png,0,train
silos_256-0-0--6-15--1196-30103.png,0,train
silos_256-0-0--6-15--277-30224.png,0,train
silos_256-0-0--6-15--984-30208.png,0,test
silos_256-0-0--6-15-1274-30063.png,0,train
silos_256-0-0--6-15--378-29974.png,0,validation
silos_256-0-0--6-15-147-31012.png,0,test
silos_256-0-0--6-15--176-30377.png,0,train
silos_256-0-0--6-15--1014-29285.png,0,test
silos_256-0-0--6-15--381-29980.png,0,validation
silos_256-0-0--6-15--1477-29568.png,0,train
silos_256-0-0--6-15--412-29973.png,0,train
silos_256-0-0--6-15--1326-30417.png,0,train
silos_256-0-0--6-15--340-29953.png,0,validation
silos_256-0-0--6-15--371-29965.png,0,validation
silos_256-0-0--6-15--1056-29212.png,0,validation
silos_256-0-0--6-15--225-30832.png,0,validation
silos_256-0-0--6-15--345-30010.png,0,train
silos_256-0-0--6-15--156-30358.png,0,train
silos_256-0-0--6-15--974-29686.png,0,test
silos_256-0-0--6-15-1455-30120.png,0,train
silos_256-0-0--6-15--1139-30270.png,0,train
silos_256-0-0--6-15--359-29952.png,0,train
silos_256-0-0--6-15--1470-30176.png,0,train
silos_256-0-0--6-15--421-29949.png,0,validation
silos_256-0-0--6-15--1305-29624.png,0,validation
silos_256-0-0--6-15--403-29943.png,0,validation
silos_256-0-0--6-15--1347-30796.png,0,train
silos_256-0-0--6-15-869-30703.png,0,train
silos_256-0-0--6-15--1249-31188.png,0,test
silos_256-0-0--6-15--1575-29966.png,0,train
silos_256-0-0--6-15--1047-31275.png,0,test
silos_256-0-0--6-15--407-29988.png,0,train
silos_256-0-0--6-15--1257-29831.png,0,validation
silos_256-0-0--6-15--244-30859.png,0,validation
silos_256-0-0--6-15--1214-30686.png,0,train
silos_256-0-0--6-15--400-29990.png,0,train
silos_256-0-0--6-15--1144-31114.png,0,train
silos_256-0-0--6-15-23-31056.png,0,train
silos_256-0-0--6-15--1050-31265.png,0,train
silos_256-0-0--6-15--1207-31252.png,0,validation
silos_256-0-0--6-15-733-29807.png,0,train
silos_256-0-0--6-15-291-29575.png,0,test
silos_256-0-0--6-15--122-29591.png,0,train
silos_256-0-0--6-15--345-29971.png,0,test
silos_256-0-0--6-15--1483-31157.png,0,train
silos_256-0-0--6-15--1172-29539.png,0,validation
silos_256-0-0--6-15--1447-29853.png,0,train
silos_256-0-0--6-15--1358-29619.png,0,train
silos_256-0-0--6-15-96-31276.png,0,train
silos_256-0-0--6-15--366-29955.png,0,train
silos_256-0-0--6-15--337-29940.png,0,train
silos_256-0-0--6-15-349-29549.png,0,train
silos_256-0-0--6-15--671-30227.png,0,train
silos_256-0-0--6-15--208-30056.png,0,test
silos_256-0-0--6-15--1230-31325.png,0,train
silos_256-0-0--6-15--621-30076.png,0,validation
silos_256-0-0--6-15--699-30670.png,0,train
silos_256-0-0--6-15--1220-29665.png,0,train
silos_256-0-0--6-15--368-30009.png,0,validation
silos_256-0-0--6-15--927-30688.png,0,train
silos_256-0-0--6-15-383-29742.png,0,train
silos_256-0-0--6-15--195-30407.png,0,test
silos_256-0-0--6-15--380-29963.png,0,test
silos_256-0-0--6-15--1459-29704.png,0,train
silos_256-0-0--6-15--368-29942.png,0,train
silos_256-0-0--6-15-1011-30875.png,0,validation
silos_256-0-0--6-15--375-29982.png,0,train
silos_256-0-0--6-15-1135-30000.png,0,validation
silos_256-0-0--6-15--394-29986.png,0,validation
silos_256-0-0--6-15--1063-31068.png,0,validation
silos_256-0-0--6-15--1265-29544.png,0,train
silos_256-0-0--6-15-1281-29922.png,0,validation
silos_256-0-0--6-15-1468-30785.png,0,train
silos_256-0-0--6-15--1239-30696.png,0,train
silos_256-0-0--6-15--345-30011.png,0,train
silos_256-0-0--6-15-514-30494.png,0,train
silos_256-0-0--6-15--386-30003.png,0,train
silos_256-0-0--6-15--1130-30235.png,0,train
silos_256-0-0--6-15--549-30834.png,0,train
silos_256-0-0--6-15-1012-30244.png,0,test
silos_256-0-0--6-15--1433-29630.png,0,train
silos_256-0-0--6-15--1448-30721.png,0,train
silos_256-0-0--6-15-278-29264.png,0,train
silos_256-0-0--6-15--787-29746.png,0,train
silos_256-0-0--6-15--1336-30419.png,0,train
silos_256-0-0--6-15-1330-29986.png,0,train
silos_256-0-0--6-15--348-30014.png,0,train
silos_256-0-0--6-15--24-30290.png,0,validation
silos_256-0-0--6-15--394-30017.png,0,train
silos_256-0-0--6-15-64-30643.png,0,test
silos_256-0-0--6-15--127-29529.png,0,train
silos_256-0-0--6-15--1557-29985.png,0,train
silos_256-0-0--6-15--92-29962.png,0,train
silos_256-0-0--6-15-880-29468.png,0,validation
silos_256-0-0--6-15-337-30805.png,0,train
silos_256-0-0--6-15--1272-29855.png,0,test
silos_256-0-0--6-15--814-31242.png,0,train
silos_256-0-0--6-15--930-31065.png,0,validation
silos_256-0-0--6-15-343-31260.png,0,train
silos_256-0-0--6-15--209-31257.png,0,train
silos_256-0-0--6-15--448-31230.png,0,train
silos_256-0-0--6-15--698-29869.png,0,train
silos_256-0-0--6-15--1451-30510.png,0,train
silos_256-0-0--6-15--378-29970.png,0,train
silos_256-0-0--6-15--1404-31004.png,0,train
silos_256-0-0--6-15--388-29983.png,0,train
silos_256-0-0--6-15--348-30006.png,0,validation
silos_256-0-0--6-15-1505-30169.png,0,train
silos_256-0-0--6-15--410-29958.png,0,train
silos_256-0-0--6-15-662-30409.png,0,train
silos_256-0-0--6-15--605-30519.png,0,train
silos_256-0-0--6-15--377-29968.png,0,train
silos_256-0-0--6-14-1595-30662.png,0,train
silos_256-0-0--6-15--356-29951.png,0,train
silos_256-0-0--6-15--768-29741.png,0,train
silos_256-0-0--6-15--405-29974.png,0,train
silos_256-0-0--6-15--341-30625.png,0,train
silos_256-0-0--6-15--1212-29294.png,0,test
silos_256-0-0--6-15--99-29937.png,0,validation
silos_256-0-0--6-15-152-29243.png,0,train
silos_256-0-0--6-15-500-30761.png,0,train
silos_256-0-0--6-15-597-30782.png,0,train
silos_256-0-0--6-15--356-31302.png,0,test
silos_256-0-0--6-15--1243-31177.png,0,train
silos_256-0-0--6-15-56-29478.png,0,train
silos_256-0-0--6-15--1381-29209.png,0,train
silos_256-0-0--6-15--1313-31086.png,0,validation
silos_256-0-0--6-15--156-30548.png,0,train
silos_256-0-0--6-15--410-30013.png,0,train
silos_256-0-0--6-15-129-29497.png,0,train
silos_256-0-0--6-15--947-29768.png,0,validation
silos_256-0-0--6-15--64-30938.png,0,train
silos_256-0-0--6-15-850-30640.png,0,train
silos_256-0-0--6-15--656-31172.png,0,validation
silos_256-0-0--6-15--1425-30731.png,0,train
silos_256-0-0--6-15--1393-31358.png,0,train
silos_256-0-0--6-15--340-29940.png,0,train
silos_256-0-0--6-15--96-29500.png,0,train
silos_256-0-0--6-15--211-29368.png,0,validation
silos_256-0-0--6-15-1034-29534.png,0,train
silos_256-0-0--6-15--379-30011.png,0,train
silos_256-0-0--6-15--1043-29876.png,0,train
silos_256-0-0--6-15--1032-31131.png,0,train
silos_256-0-0--6-15--413-29977.png,0,train
silos_256-0-0--6-15--1546-29551.png,0,train
silos_256-0-0--6-15-903-31085.png,0,train
silos_256-0-0--6-15--304-30104.png,0,train
silos_256-0-0--6-15-756-30937.png,0,train
silos_256-0-0--6-15--755-30901.png,0,validation
silos_256-0-0--6-15--768-29689.png,0,train
silos_256-0-0--6-15-1234-29317.png,0,train
silos_256-0-0--6-15--345-29960.png,0,train
silos_256-0-0--6-15--666-29506.png,0,train
silos_256-0-0--6-15--71-30371.png,0,train
silos_256-0-0--6-15--1223-29912.png,0,train
silos_256-0-0--6-15--4-30722.png,0,validation
silos_256-0-0--6-15--418-30015.png,0,train
silos_256-0-0--6-15-1143-30742.png,0,train
silos_256-0-0--6-15--1230-30687.png,0,test
silos_256-0-0--6-15--1533-29638.png,0,validation
silos_256-0-0--6-15--434-30641.png,0,validation
silos_256-0-0--6-15--1556-29785.png,0,train
silos_256-0-0--6-15--867-29891.png,0,validation
silos_256-0-0--6-15--355-29941.png,0,train
silos_256-0-0--6-15--1298-29780.png,0,validation
silos_256-0-0--6-15-1279-30508.png,0,train
silos_256-0-0--6-15--419-29956.png,0,validation
silos_256-0-0--6-15--353-29972.png,0,test
silos_256-0-0--6-16--1543-30655.png,0,train
silos_256-0-0--6-15--657-29741.png,0,validation
silos_256-0-0--6-15--809-31172.png,0,validation
silos_256-0-0--6-15--462-29641.png,0,train
silos_256-0-0--6-15-46-29857.png,0,test
silos_256-0-0--6-15-1011-29547.png,0,test
silos_256-0-0--6-15-986-29495.png,0,train
silos_256-0-0--6-15-721-31182.png,0,train
silos_256-0-0--6-15-231-30188.png,0,train
silos_256-0-0--6-15--272-30225.png,0,train
silos_256-0-0--6-15-1139-30249.png,0,train
silos_256-0-0--6-15--340-29987.png,0,train
silos_256-0-0--6-15--349-29946.png,0,validation
silos_256-0-0--6-15--271-30560.png,0,train
silos_256-0-0--6-15--1365-30562.png,0,train
silos_256-0-0--6-15-838-30305.png,0,validation
silos_256-0-0--6-15-771-30561.png,0,validation
silos_256-0-0--6-15-1550-29710.png,0,train
silos_256-0-0--6-15-201-30980.png,0,train
silos_256-0-0--6-15--374-30016.png,0,train
silos_256-0-0--6-15-966-29400.png,0,validation
silos_256-0-0--6-15--346-29995.png,0,train
silos_256-0-0--6-14-1247-31272.png,0,train
silos_256-0-0--6-15--1228-29886.png,0,train
silos_256-0-0--6-15--365-29958.png,0,train
silos_256-0-0--6-15--1569-29570.png,0,test
silos_256-0-0--6-15--281-30021.png,0,test
silos_256-0-0--6-15--1150-30500.png,0,train
silos_256-0-0--6-15--128-29298.png,0,train
silos_256-0-0--6-15--1132-30160.png,0,validation
silos_256-0-0--6-15--393-30833.png,0,train
silos_256-0-0--6-15-1008-30207.png,0,train
silos_256-0-0--6-15--345-29990.png,0,train
silos_256-0-0--6-15--569-30437.png,0,train
silos_256-0-0--6-15--1002-31146.png,0,train
silos_256-0-0--6-15--1303-30601.png,0,test
silos_256-0-0--6-15-709-29940.png,0,train
silos_256-0-0--6-15-500-29858.png,0,validation
silos_256-0-0--6-15--1459-31257.png,0,validation
silos_256-0-0--6-15--768-29896.png,0,validation
silos_256-0-0--6-15--412-29982.png,0,test
silos_256-0-0--6-15--419-29942.png,0,test
silos_256-0-0--6-15--397-29982.png,0,train
silos_256-0-0--6-15--1338-30911.png,0,train
silos_256-0-0--6-15--392-30728.png,0,validation
silos_256-0-0--6-15--409-29988.png,0,validation
silos_256-0-0--6-15--368-29967.png,0,train
silos_256-0-0--6-15--406-30000.png,0,test
silos_256-0-0--6-15-335-29964.png,0,validation
silos_256-0-0--6-15-773-29389.png,0,train
silos_256-0-0--6-15-110-29702.png,0,validation
silos_256-0-0--6-15--344-30010.png,0,train
silos_256-0-0--6-15--394-29979.png,0,validation
silos_256-0-0--6-15--37-30895.png,0,validation
silos_256-0-0--6-15--396-29995.png,0,train
silos_256-0-0--6-15--333-29975.png,0,train
silos_256-0-0--6-15-1035-30034.png,0,train
silos_256-0-0--6-15--402-29976.png,0,train
silos_256-0-0--6-15--401-29943.png,0,train
silos_256-0-0--6-15-120-30684.png,0,train
silos_256-0-0--6-15-999-30259.png,0,train
silos_256-0-0--6-15--354-29984.png,0,train
silos_256-0-0--6-15--1418-30310.png,0,train
silos_256-0-0--6-15-125-29269.png,0,test
silos_256-0-0--6-15--334-30004.png,0,train
silos_256-0-0--6-15--1360-31016.png,0,train
silos_256-0-0--6-15-1539-29758.png,0,train
silos_256-0-0--6-15--418-29963.png,0,validation
silos_256-0-0--6-15-770-30284.png,0,train
silos_256-0-0--6-15-644-29902.png,0,train
silos_256-0-0--6-15--76-30597.png,0,test
silos_256-0-0--6-15--1068-31052.png,0,validation
silos_256-0-0--6-15-169-30507.png,0,train
silos_256-0-0--6-15--398-30003.png,0,test
silos_256-0-0--6-15--771-29576.png,0,train
silos_256-0-0--6-15--113-29832.png,0,train
silos_256-0-0--6-15--825-29669.png,0,train
silos_256-0-0--6-15--1222-29161.png,0,train
silos_256-0-0--6-15-252-30116.png,0,test
silos_256-0-0--6-15--913-29503.png,0,train
silos_256-0-0--6-14-1554-30175.png,0,validation
silos_256-0-0--6-15--1369-30283.png,0,train
silos_256-0-0--6-15--411-29945.png,0,train
silos_256-0-0--6-15--911-29503.png,0,train
silos_256-0-0--6-15--416-29955.png,0,train
silos_256-0-0--6-15--366-30012.png,0,test
silos_256-0-0--6-15--407-30001.png,0,validation
silos_256-0-0--6-15-614-29605.png,0,train
silos_256-0-0--6-15--1341-31156.png,0,train
silos_256-0-0--6-15-343-30754.png,0,train
silos_256-0-0--6-15--236-30820.png,0,train
silos_256-0-0--6-15-1185-30413.png,0,train
silos_256-0-0--6-15--341-29953.png,0,train
silos_256-0-0--6-15--1362-31132.png,0,train
silos_256-0-0--6-15--117-29547.png,0,train
silos_256-0-0--6-15-794-29624.png,0,train
silos_256-0-0--6-15-1339-30000.png,0,train
silos_256-0-0--6-15--381-30002.png,0,test
silos_256-0-0--6-15--23-30582.png,0,validation
silos_256-0-0--6-15--338-30018.png,0,train
silos_256-0-0--6-15-962-29759.png,0,train
silos_256-0-0--6-15--1545-29849.png,0,train
silos_256-0-0--6-15--753-29273.png,0,train
silos_256-0-0--6-15--416-30008.png,0,validation
silos_256-0-0--6-15-1122-29875.png,0,train
silos_256-0-0--6-15-473-29349.png,0,train
silos_256-0-0--6-15--791-31185.png,0,train
silos_256-0-0--6-15-1545-29696.png,0,train
silos_256-0-0--6-15--406-30017.png,0,train
silos_256-0-0--6-15--250-30047.png,0,train
silos_256-0-0--6-15--955-30974.png,0,train
silos_256-0-0--6-15--1254-31183.png,0,train
silos_256-0-0--6-15-1361-30220.png,0,train
silos_256-0-0--6-15-440-30644.png,0,validation
silos_256-0-0--6-15--367-29973.png,0,train
silos_256-0-0--6-15--917-29500.png,0,train
silos_256-0-0--6-14-1487-31333.png,0,train
silos_256-0-0--6-15--338-29457.png,0,train
silos_256-0-0--6-15--363-29985.png,0,train
silos_256-0-0--6-15--603-30081.png,0,train
silos_256-0-0--6-15-12-29777.png,0,train
silos_256-0-0--6-15-1339-30463.png,0,train
silos_256-0-0--6-15--363-29943.png,0,train
silos_256-0-0--6-15-717-29967.png,0,train
silos_256-0-0--6-15-306-29626.png,0,train
silos_256-0-0--6-15-844-30059.png,0,train
silos_256-0-0--6-15-784-30314.png,0,train
silos_256-0-0--6-15-709-30331.png,0,train
silos_256-0-0--6-15-1185-30035.png,0,test
silos_256-0-0--6-15--1346-29990.png,0,train
silos_256-0-0--6-15--116-30439.png,0,train
silos_256-0-0--6-15--1326-29603.png,0,train
silos_256-0-0--6-15--1275-30538.png,0,train
silos_256-0-0--6-15--346-29979.png,0,train
silos_256-0-0--6-15--996-31070.png,0,validation
silos_256-0-0--6-15--361-31222.png,0,train
silos_256-0-0--6-15-818-30813.png,0,train
silos_256-0-0--6-15-1173-30036.png,0,test
silos_256-0-0--6-15-395-30747.png,0,train
silos_256-0-0--6-15--398-29942.png,0,train
silos_256-0-0--6-15-496-30571.png,0,train
silos_256-0-0--6-15--1062-29997.png,0,train
silos_256-0-0--6-15-1008-30588.png,0,train
silos_256-0-0--6-15--405-29962.png,0,train
silos_256-0-0--6-15--506-30502.png,0,train
silos_256-0-0--6-14-1522-30816.png,0,train
silos_256-0-0--6-15--411-29950.png,0,validation
silos_256-0-0--6-15-539-30625.png,0,validation
silos_256-0-0--6-15--1211-31146.png,0,train
silos_256-0-0--6-15--1351-29258.png,0,train
silos_256-0-0--6-15--684-30346.png,0,train
silos_256-0-0--6-15--241-31301.png,0,train
silos_256-0-0--6-15-359-30628.png,0,validation
silos_256-0-0--6-15--327-31023.png,0,train
silos_256-0-0--6-15--1530-29805.png,0,train
silos_256-0-0--6-15-879-30243.png,0,validation
silos_256-0-0--6-15-1538-29686.png,0,train
silos_256-0-0--6-15-661-29592.png,0,train
silos_256-0-0--6-15--187-29859.png,0,train
silos_256-0-0--6-15--314-30071.png,0,validation
silos_256-0-0--6-15--1506-30921.png,0,train
silos_256-0-0--6-15--359-29985.png,0,train
silos_256-0-0--6-15-880-29589.png,0,test
silos_256-0-0--6-15--404-30550.png,0,train
silos_256-0-0--6-15--71-30031.png,0,train
silos_256-0-0--6-15-1275-30607.png,0,train
silos_256-0-0--6-15--1080-29839.png,0,validation
silos_256-0-0--6-15--357-29956.png,0,train
silos_256-0-0--6-15--362-29941.png,0,train
silos_256-0-0--6-15--370-29975.png,0,validation
silos_256-0-0--6-15-644-30371.png,0,validation
silos_256-0-0--6-15-1087-30558.png,0,train
silos_256-0-0--6-15--1600-30527.png,0,test
silos_256-0-0--6-15-365-30779.png,0,train
silos_256-0-0--6-15--247-30479.png,0,train
silos_256-0-0--6-15-346-31256.png,0,train
silos_256-0-0--6-15--343-29974.png,0,validation
silos_256-0-0--6-15--398-29987.png,0,train
silos_256-0-0--6-15--365-30014.png,0,train
silos_256-0-0--6-15--333-30004.png,0,train
silos_256-0-0--6-15-74-30161.png,0,validation
silos_256-0-0--6-15-1212-29262.png,0,train
silos_256-0-0--6-15--646-29886.png,0,train
silos_256-0-0--6-15--744-29502.png,0,validation
silos_256-0-0--6-14-1446-30879.png,0,train
silos_256-0-0--6-15-229-29566.png,0,train
silos_256-0-0--6-15--983-30822.png,0,train
silos_256-0-0--6-15-4-30514.png,0,train
silos_256-0-0--6-15--351-30010.png,0,train
silos_256-0-0--6-15-292-29410.png,0,train
silos_256-0-0--6-15--337-29960.png,0,validation
silos_256-0-0--6-15--406-29967.png,0,train
silos_256-0-0--6-15--387-29951.png,0,validation
silos_256-0-0--6-15--405-29996.png,0,train
silos_256-0-0--6-15--738-29270.png,0,train
silos_256-0-0--6-15-809-29306.png,0,train
silos_256-0-0--6-15-329-31099.png,0,train
silos_256-0-0--6-15-1146-30598.png,0,train
silos_256-0-0--6-15--375-29958.png,0,train
silos_256-0-0--6-15--1404-29764.png,0,train
silos_256-0-0--6-15-302-30022.png,0,train
silos_256-0-0--6-15--233-30814.png,0,train
silos_256-0-0--6-15-849-29243.png,0,train
silos_256-0-0--6-15--359-30020.png,0,train
silos_256-0-0--6-15--329-30100.png,0,train
silos_256-0-0--6-15-696-30648.png,0,train
silos_256-0-0--6-15--803-29399.png,0,validation
silos_256-0-0--6-15-798-30035.png,0,train
silos_256-0-0--6-15--644-29427.png,0,train
silos_256-0-0--6-15--401-29993.png,0,train
silos_256-0-0--6-15--727-30470.png,0,test
silos_256-0-0--6-15--350-29961.png,0,train
silos_256-0-0--6-15--494-29550.png,0,validation
silos_256-0-0--6-15--354-30979.png,0,train
silos_256-0-0--6-15-317-30906.png,0,train
silos_256-0-0--6-15--1263-30755.png,0,train
silos_256-0-0--6-15--980-30754.png,0,test
silos_256-0-0--6-15--144-29286.png,0,train
silos_256-0-0--6-15--614-31142.png,0,train
silos_256-0-0--6-15--1219-31251.png,0,train
silos_256-0-0--6-15--374-29952.png,0,train
silos_256-0-0--6-15-121-31026.png,0,train
silos_256-0-0--6-15--336-29997.png,0,test
silos_256-0-0--6-15--1315-29785.png,0,validation
silos_256-0-0--6-15--1312-31289.png,0,validation
silos_256-0-0--6-15-1017-29816.png,0,train
silos_256-0-0--6-15-870-29588.png,0,train
silos_256-0-0--6-15--366-29973.png,0,validation
silos_256-0-0--6-15-1038-29515.png,0,train
silos_256-0-0--6-15--395-29994.png,0,train
silos_256-0-0--6-15-162-29891.png,0,validation
silos_256-0-0--6-15--161-29778.png,0,train
silos_256-0-0--6-15-111-30716.png,0,validation
silos_256-0-0--6-15--365-30007.png,0,train
silos_256-0-0--6-15-730-30868.png,0,train
silos_256-0-0--6-15--1524-29415.png,0,train
silos_256-0-0--6-15--1087-31173.png,0,train
silos_256-0-0--6-15--400-29972.png,0,train
silos_256-0-0--6-15-30-29541.png,0,train
silos_256-0-0--6-15--349-30015.png,0,train
silos_256-0-0--6-15--406-29993.png,0,test
silos_256-0-0--6-15--799-31195.png,0,test
silos_256-0-0--6-15--330-30132.png,0,train
silos_256-0-0--6-15-603-30422.png,0,train
silos_256-0-0--6-15-310-30007.png,0,train
silos_256-0-0--6-15--1627-29996.png,0,validation
silos_256-0-0--6-15-143-29350.png,0,validation
silos_256-0-0--6-15-798-30815.png,0,train
silos_256-0-0--6-15--441-29488.png,0,validation
silos_256-0-0--6-15--198-29696.png,0,train
silos_256-0-0--6-15--397-29986.png,0,validation
silos_256-0-0--6-15--347-30393.png,0,train
silos_256-0-0--6-15-779-29270.png,0,test
silos_256-0-0--6-15--343-29954.png,0,train
silos_256-0-0--6-15-432-29910.png,0,train
silos_256-0-0--6-15-631-29886.png,0,validation
silos_256-0-0--6-15--1296-30744.png,0,train
silos_256-0-0--6-15--34-30972.png,0,test
silos_256-0-0--6-15--411-29952.png,0,train
silos_256-0-0--6-15-995-29481.png,0,train
silos_256-0-0--6-15--394-30001.png,0,train
silos_256-0-0--6-15--281-29249.png,0,train
silos_256-0-0--6-15--891-30989.png,0,validation
silos_256-0-0--6-15-457-30864.png,0,train
silos_256-0-0--6-15-760-30226.png,0,validation
silos_256-0-0--6-15--250-30178.png,0,train
silos_256-0-0--6-15-1540-29754.png,0,validation
silos_256-0-0--6-15-27-30716.png,0,train
silos_256-0-0--6-15--1058-29769.png,0,train
silos_256-0-0--6-15--385-30001.png,0,train
silos_256-0-0--6-15--353-29974.png,0,validation
silos_256-0-0--6-15--415-29983.png,0,validation
silos_256-0-0--6-15--383-29971.png,0,train
silos_256-0-0--6-15--696-29909.png,0,train
silos_256-0-0--6-15--381-30007.png,0,train
silos_256-0-0--6-15--24-30894.png,0,train
silos_256-0-0--6-15--1455-30506.png,0,train
silos_256-0-0--6-15-88-30379.png,0,train
silos_256-0-0--6-15--353-30008.png,0,train
silos_256-0-0--6-15-189-29875.png,0,validation
silos_256-0-0--6-15--574-30542.png,0,validation
silos_256-0-0--6-15-431-30489.png,0,validation
silos_256-0-0--6-15--965-30123.png,0,train
silos_256-0-0--6-15--394-29968.png,0,train
silos_256-0-0--6-15-1489-29734.png,0,train
silos_256-0-0--6-15--277-30001.png,0,train
silos_256-0-0--6-15--227-30832.png,0,validation
silos_256-0-0--6-15--289-29997.png,0,train
silos_256-0-0--6-15--219-31236.png,0,test
silos_256-0-0--6-15--1329-30475.png,0,validation
silos_256-0-0--6-15--219-31242.png,0,test
silos_256-0-0--6-15-221-30142.png,0,train
silos_256-0-0--6-15--1463-29865.png,0,train
silos_256-0-0--6-15--1305-31364.png,0,validation
silos_256-0-0--6-15--356-30697.png,0,train
silos_256-0-0--6-15--365-30391.png,0,train
silos_256-0-0--6-15--388-29962.png,0,test
silos_256-0-0--6-15--352-29970.png,0,train
silos_256-0-0--6-15--363-30016.png,0,train
silos_256-0-0--6-15-355-30451.png,0,train
silos_256-0-0--6-15--1237-30513.png,0,train
silos_256-0-0--6-15--395-30004.png,0,train
silos_256-0-0--6-15-828-30385.png,0,validation
silos_256-0-0--6-15--355-30001.png,0,train
silos_256-0-0--6-15-1144-30311.png,0,train
silos_256-0-0--6-15--366-29971.png,0,train
silos_256-0-0--6-15-760-31063.png,0,train
silos_256-0-0--6-15--1077-30279.png,0,train
silos_256-0-0--6-15--371-29979.png,0,train
silos_256-0-0--6-15--1042-31231.png,0,train
silos_256-0-0--6-15--14-31108.png,0,test
silos_256-0-0--6-15-1378-30046.png,0,train
silos_256-0-0--6-15--342-30007.png,0,train
silos_256-0-0--6-15--390-29999.png,0,validation
silos_256-0-0--6-15--512-29774.png,0,train
silos_256-0-0--6-15--343-30013.png,0,train
silos_256-0-0--6-15--862-30316.png,0,train
silos_256-0-0--6-15--1375-29227.png,0,train
silos_256-0-0--6-15-723-31076.png,0,train
silos_256-0-0--6-15-1019-29370.png,0,train
silos_256-0-0--6-15-387-30341.png,0,train
silos_256-0-0--6-15-290-30625.png,0,train
silos_256-0-0--6-15-392-31013.png,0,test
silos_256-0-0--6-15--886-29955.png,0,train
silos_256-0-0--6-15-1201-30072.png,0,train
silos_256-0-0--6-15--526-31295.png,0,train
silos_256-0-0--6-15-688-30177.png,0,train
silos_256-0-0--6-15--382-30046.png,0,train
silos_256-0-0--6-15--400-29985.png,0,train
silos_256-0-0--6-15--418-29997.png,0,test
silos_256-0-0--6-15--399-31235.png,0,validation
silos_256-0-0--6-15--1420-29599.png,0,train
silos_256-0-0--6-15-949-29934.png,0,train
silos_256-0-0--6-15-1489-29721.png,0,train
silos_256-0-0--6-15--831-30716.png,0,train
silos_256-0-0--6-15--399-29951.png,0,validation
silos_256-0-0--6-15--602-29764.png,0,test
silos_256-0-0--6-15-693-30647.png,0,train
silos_256-0-0--6-15--362-29980.png,0,test
silos_256-0-0--6-15--875-30537.png,0,test
silos_256-0-0--6-15-277-29105.png,0,validation
silos_256-0-0--6-15--1529-31029.png,0,train
silos_256-0-0--6-15--422-29960.png,0,validation
silos_256-0-0--6-15-460-30476.png,0,train
silos_256-0-0--6-14-1561-30389.png,0,train
silos_256-0-0--6-15--1589-29941.png,0,train
silos_256-0-0--6-15-491-30557.png,0,train
silos_256-0-0--6-15-239-30398.png,0,test
silos_256-0-0--6-15--793-30502.png,0,train
silos_256-0-0--6-15-232-30028.png,0,train
silos_256-0-0--6-15--392-29957.png,0,train
silos_256-0-0--6-15-1223-29251.png,0,train
silos_256-0-0--6-15--1501-30909.png,0,train
silos_256-0-0--6-15--359-29998.png,0,train
silos_256-0-0--6-15--687-30540.png,0,train
silos_256-0-0--6-15-300-30731.png,0,train
silos_256-0-0--6-15--1123-31230.png,0,test
silos_256-0-0--6-15--413-29948.png,0,train
silos_256-0-0--6-15-545-30426.png,0,train
silos_256-0-0--6-15--1571-30438.png,0,train
silos_256-0-0--6-15--972-31031.png,0,train
silos_256-0-0--6-15--350-29944.png,0,train
silos_256-0-0--6-15--395-29965.png,0,train
silos_256-0-0--6-15--1280-29453.png,0,train
silos_256-0-0--6-15--341-30017.png,0,train
silos_256-0-0--6-15--506-29968.png,0,validation
silos_256-0-0--6-15-563-30002.png,0,train
silos_256-0-0--6-15-671-29437.png,0,train
silos_256-0-0--6-15--607-30506.png,0,validation
silos_256-0-0--6-15--408-29987.png,0,train
silos_256-0-0--6-14-1508-31102.png,0,train
silos_256-0-0--6-15--371-29983.png,0,train
silos_256-0-0--6-15--416-30003.png,0,train
silos_256-0-0--6-15--35-30705.png,0,train
silos_256-0-0--6-15-1260-30323.png,0,validation
silos_256-0-0--6-15-905-29873.png,0,validation
silos_256-0-0--6-15--1456-31258.png,0,train
silos_256-0-0--6-15--341-29978.png,0,test
silos_256-0-0--6-15-852-29725.png,0,test
silos_256-0-0--6-15--1233-30815.png,0,validation
silos_256-0-0--6-15--1291-29391.png,0,validation
silos_256-0-0--6-15--363-30001.png,0,validation
silos_256-0-0--6-15--369-29984.png,0,train
silos_256-0-0--6-15--517-29436.png,0,train
silos_256-0-0--6-15--301-29356.png,0,train
silos_256-0-0--6-15--374-29993.png,0,train
silos_256-0-0--6-14-1293-30878.png,0,test
silos_256-0-0--6-15--768-30072.png,0,train
silos_256-0-0--6-15--630-29510.png,0,test
silos_256-0-0--6-15--1544-29663.png,0,train
silos_256-0-0--6-15--664-30329.png,0,validation
silos_256-0-0--6-15--1207-31203.png,0,validation
silos_256-0-0--6-15--86-31118.png,0,train
silos_256-0-0--6-15--810-29321.png,0,train
silos_256-0-0--6-15--354-29945.png,0,validation
silos_256-0-0--6-15--414-29940.png,0,train
silos_256-0-0--6-15-147-29883.png,0,train
silos_256-0-0--6-15--393-29977.png,0,train
silos_256-0-0--6-15--357-29981.png,0,train
silos_256-0-0--6-15--221-31079.png,0,train
silos_256-0-0--6-15-878-30462.png,0,train
silos_256-0-0--6-15--25-30531.png,0,validation
silos_256-0-0--6-15--861-30954.png,0,train
silos_256-0-0--6-15--452-31137.png,0,train
silos_256-0-0--6-15--459-29365.png,0,validation
silos_256-0-0--6-15--1316-30492.png,0,train
silos_256-0-0--6-15--1133-29869.png,0,train
silos_256-0-0--6-15--403-30003.png,0,train
silos_256-0-0--6-15--878-29411.png,0,train
silos_256-0-0--6-15--1140-30218.png,0,train
silos_256-0-0--6-15--422-29958.png,0,train
silos_256-0-0--6-15-1086-30036.png,0,train
silos_256-0-0--6-15--1565-30883.png,0,train
silos_256-0-0--6-15--662-31091.png,0,train
silos_256-0-0--6-15--346-29960.png,0,train
silos_256-0-0--6-15-479-30739.png,0,validation
silos_256-0-0--6-15-2-29948.png,0,train
silos_256-0-0--6-15-175-30831.png,0,validation
silos_256-0-0--6-15--1207-29534.png,0,train
silos_256-0-0--6-15-763-30489.png,0,test
silos_256-0-0--6-15--398-30019.png,0,train
silos_256-0-0--6-15--42-30046.png,0,train
silos_256-0-0--6-15-471-30724.png,0,train
silos_256-0-0--6-15-315-30034.png,0,train
silos_256-0-0--6-15-1480-29730.png,0,train
silos_256-0-0--6-14-1375-30982.png,0,train
silos_256-0-0--6-15-192-30476.png,0,train
silos_256-0-0--6-15--1243-29935.png,0,validation
silos_256-0-0--6-15-1144-30703.png,0,train
silos_256-0-0--6-15-397-29446.png,0,train
silos_256-0-0--6-15-1234-30154.png,0,train
silos_256-0-0--6-15--1420-31031.png,0,train
silos_256-0-0--6-15--1156-29253.png,0,train
silos_256-0-0--6-15--396-30007.png,0,train
silos_256-0-0--6-15--1357-29195.png,0,train
silos_256-0-0--6-15-879-30647.png,0,validation
silos_256-0-0--6-15--926-30829.png,0,train
silos_256-0-0--6-15--340-29994.png,0,validation
silos_256-0-0--6-15--394-29996.png,0,train
silos_256-0-0--6-15--1076-29598.png,0,train
silos_256-0-0--6-15--1548-30654.png,0,train
silos_256-0-0--6-15-1463-30351.png,0,validation
silos_256-0-0--6-15--476-30611.png,0,test
silos_256-0-0--6-15--81-29838.png,0,train
silos_256-0-0--6-15--342-29989.png,0,train
silos_256-0-0--6-15--1143-29449.png,0,train
silos_256-0-0--6-15-278-29433.png,0,train
silos_256-0-0--6-15--214-31269.png,0,train
silos_256-0-0--6-15--354-30953.png,0,train
silos_256-0-0--6-15--364-29980.png,0,train
silos_256-0-0--6-14-1435-30675.png,0,train
silos_256-0-0--6-15--384-29999.png,0,train
silos_256-0-0--6-15--1400-31310.png,0,test
silos_256-0-0--6-15--771-31297.png,0,test
silos_256-0-0--6-15--362-29957.png,0,train
silos_256-0-0--6-15--707-29850.png,0,train
silos_256-0-0--6-15--1499-29615.png,0,train
silos_256-0-0--6-15--17-29879.png,0,train
silos_256-0-0--6-15--84-30664.png,0,train
silos_256-0-0--6-15-1567-29781.png,0,validation
silos_256-0-0--6-14-1511-30659.png,0,train
silos_256-0-0--6-15--355-30961.png,0,train
silos_256-0-0--6-15--1232-30758.png,0,train
silos_256-0-0--6-15-268-29105.png,0,test
silos_256-0-0--6-15--1333-31155.png,0,train
silos_256-0-0--6-15-705-30334.png,0,validation
silos_256-0-0--6-15--932-30339.png,0,validation
silos_256-0-0--6-15--1584-31245.png,0,train
silos_256-0-0--6-14-1604-30294.png,0,train
silos_256-0-0--6-15-685-31179.png,0,validation
silos_256-0-0--6-15--906-30724.png,0,validation
silos_256-0-0--6-15--162-30042.png,0,train
silos_256-0-0--6-15--1258-31112.png,0,train
silos_256-0-0--6-15-129-31036.png,0,train
silos_256-0-0--6-15--649-30363.png,0,train
silos_256-0-0--6-14-1454-31184.png,0,train
silos_256-0-0--6-15--397-29998.png,0,train
silos_256-0-0--6-15-974-29512.png,0,train
silos_256-0-0--6-15--376-29942.png,0,validation
silos_256-0-0--6-15--411-29958.png,0,train
silos_256-0-0--6-15--332-30252.png,0,validation
silos_256-0-0--6-15--369-30010.png,0,test
silos_256-0-0--6-15-241-29999.png,0,validation
silos_256-0-0--6-15--407-29360.png,0,train
silos_256-0-0--6-15--338-29945.png,0,train
silos_256-0-0--6-15-34-29329.png,0,train
silos_256-0-0--6-15--398-29995.png,0,train
silos_256-0-0--6-15--1552-29338.png,0,validation
silos_256-0-0--6-15--344-30452.png,0,test
silos_256-0-0--6-15--972-29704.png,0,validation
silos_256-0-0--6-14-1420-30999.png,0,train
silos_256-0-0--6-15-445-29311.png,0,test
silos_256-0-0--6-15--557-30057.png,0,train
silos_256-0-0--6-15-439-29465.png,0,train
silos_256-0-0--6-15--351-29967.png,0,train
silos_256-0-0--6-15-257-29138.png,0,train
silos_256-0-0--6-15-1237-30594.png,0,train
silos_256-0-0--6-15--924-29308.png,0,train
silos_256-0-0--6-15-388-29289.png,0,train
silos_256-0-0--6-15--418-30019.png,0,validation
silos_256-0-0--6-15--618-30976.png,0,train
silos_256-0-0--6-15--1023-31182.png,0,test
silos_256-0-0--6-15--347-29947.png,0,train
silos_256-0-0--6-15--388-30009.png,0,train
silos_256-0-0--6-15-854-30029.png,0,train
silos_256-0-0--6-15-441-29973.png,0,validation
silos_256-0-0--6-15--673-30332.png,0,test
silos_256-0-0--6-15--266-30024.png,0,train
silos_256-0-0--6-15--308-30079.png,0,train
silos_256-0-0--6-15--796-30388.png,0,train
silos_256-0-0--6-15-184-29324.png,0,validation
silos_256-0-0--6-15--1453-29889.png,0,train
silos_256-0-0--6-15-677-29539.png,0,train
silos_256-0-0--6-15-992-30288.png,0,validation
silos_256-0-0--6-15-405-30580.png,0,train
silos_256-0-0--6-15--364-30001.png,0,train
silos_256-0-0--6-15--394-29971.png,0,train
silos_256-0-0--6-15--1270-29226.png,0,train
silos_256-0-0--6-15--184-29560.png,0,train
silos_256-0-0--6-15-612-30581.png,0,train
silos_256-0-0--6-15--377-29947.png,0,train
silos_256-0-0--6-15--19-30065.png,0,train
silos_256-0-0--6-15--363-30292.png,0,test
silos_256-0-0--6-14-1397-31372.png,0,train
silos_256-0-0--6-15-161-29372.png,0,train
silos_256-0-0--6-15--330-30253.png,0,train
silos_256-0-0--6-15--955-30580.png,0,train
silos_256-0-0--6-15-536-30199.png,0,train
silos_256-0-0--6-15-1155-30576.png,0,validation
silos_256-0-0--6-15-505-29510.png,0,validation
silos_256-0-0--6-15--405-30014.png,0,train
silos_256-0-0--6-15--579-31001.png,0,train
silos_256-0-0--6-15--1038-30401.png,0,train
silos_256-0-0--6-14-1402-30793.png,0,train
silos_256-0-0--6-15--389-29942.png,0,train
silos_256-0-0--6-15--1235-30884.png,0,train
silos_256-0-0--6-15--396-29977.png,0,train
silos_256-0-0--6-15--368-30015.png,0,validation
silos_256-0-0--6-15--348-29979.png,0,train
silos_256-0-0--6-15--1574-29816.png,0,train
silos_256-0-0--6-15--388-29981.png,0,train
silos_256-0-0--6-15-656-30280.png,0,test
silos_256-0-0--6-15-157-30623.png,0,train
silos_256-0-0--6-15-970-30391.png,0,train
silos_256-0-0--6-15-875-29284.png,0,validation
silos_256-0-0--6-15-568-30363.png,0,validation
silos_256-0-0--6-15--1415-29311.png,0,train
silos_256-0-0--6-15--1268-29383.png,0,validation
silos_256-0-0--6-15--1241-29420.png,0,validation
silos_256-0-0--6-15--1232-30712.png,0,validation
silos_256-0-0--6-15--957-31283.png,0,train
silos_256-0-0--6-14-1307-30792.png,0,test
silos_256-0-0--6-15--368-29979.png,0,validation
silos_256-0-0--6-15-60-30594.png,0,test
silos_256-0-0--6-15--140-30304.png,0,train
silos_256-0-0--6-15--384-29976.png,0,validation
silos_256-0-0--6-15--411-29947.png,0,validation
silos_256-0-0--6-15--383-30014.png,0,train
silos_256-0-0--6-15--355-29950.png,0,train
silos_256-0-0--6-15-1051-30098.png,0,validation
silos_256-0-0--6-15--881-31003.png,0,train
silos_256-0-0--6-15--1099-29877.png,0,train
silos_256-0-0--6-15--1592-30111.png,0,train
silos_256-0-0--6-15--1174-30185.png,0,test
silos_256-0-0--6-15--1323-31363.png,0,train
silos_256-0-0--6-15--107-31149.png,0,train
silos_256-0-0--6-15-523-29611.png,0,validation
silos_256-0-0--6-15--419-30002.png,0,train
silos_256-0-0--6-15-1070-30768.png,0,train
silos_256-0-0--6-15-1114-30323.png,0,train
silos_256-0-0--6-15--355-29961.png,0,train
silos_256-0-0--6-14-1377-31246.png,0,train
silos_256-0-0--6-15--371-30009.png,0,train
silos_256-0-0--6-15--974-29659.png,0,validation
silos_256-0-0--6-15--973-30481.png,0,test
silos_256-0-0--6-15--1107-30317.png,0,train
silos_256-0-0--6-15--1263-30674.png,0,train
silos_256-0-0--6-15-1495-30267.png,0,train
silos_256-0-0--6-15-852-30561.png,0,test
silos_256-0-0--6-15--867-31183.png,0,validation
silos_256-0-0--6-15-174-31048.png,1,train
silos_256-0-0--6-15-651-30254.png,1,train
silos_256-0-0--6-15--1137-31027.png,1,train
silos_256-0-0--6-16--936-30650.png,1,train
silos_256-0-0--6-16--1204-28815.png,1,train
silos_256-0-0--6-15--1435-31899.png,1,train
silos_256-0-0--6-16--505-31392.png,1,train
silos_256-0-0--6-16--1385-30563.png,1,train
silos_256-0-0--6-16--165-28692.png,1,test
silos_256-0-0--6-16--1085-28812.png,1,train
silos_256-0-0--6-16--1127-29149.png,1,test
silos_256-0-0--6-16--1155-30750.png,1,train
silos_256-0-0--6-16--734-28945.png,1,train
silos_256-0-0--6-15-653-30484.png,1,train
silos_256-0-0--6-16--1050-30134.png,1,train
silos_256-0-0--6-16--980-31302.png,1,train
silos_256-0-0--6-15--1308-28425.png,1,train
silos_256-0-0--6-16--775-29553.png,1,test
silos_256-0-0--6-16--779-30510.png,1,train
silos_256-0-0--6-16--530-28854.png,1,train
silos_256-0-0--6-16--1233-30628.png,1,train
silos_256-0-0--6-16--209-28787.png,1,train
silos_256-0-0--6-15-727-30349.png,1,train
silos_256-0-0--6-15--1416-28739.png,1,test
silos_256-0-0--6-15-1239-29247.png,1,train
silos_256-0-0--6-16--772-31950.png,1,train
silos_256-0-0--6-15--385-31998.png,1,train
silos_256-0-0--6-15--1060-30104.png,1,train
silos_256-0-0--6-15-540-30030.png,1,train
silos_256-0-0--6-16--1358-28892.png,1,test
silos_256-0-0--6-15-1179-30666.png,1,train
silos_256-0-0--6-16--1041-28462.png,1,train
silos_256-0-0--6-15-1240-29246.png,1,train
silos_256-0-0--6-15-1234-30172.png,1,train
silos_256-0-0--6-15-1060-28841.png,1,train
silos_256-0-0--6-15--900-31287.png,1,test
silos_256-0-0--6-16--1331-28597.png,1,test
silos_256-0-0--6-16--1290-30750.png,1,validation
silos_256-0-0--6-16-479-29521.png,1,train
silos_256-0-0--6-15--536-30318.png,1,train
silos_256-0-0--6-16--1482-28765.png,1,validation
silos_256-0-0--6-16--154-28677.png,1,validation
silos_256-0-0--6-16--570-28851.png,1,train
silos_256-0-0--6-16--252-29007.png,1,validation
silos_256-0-0--6-15--620-30177.png,1,train
silos_256-0-0--6-16-195-29262.png,1,train
silos_256-0-0--6-16--1203-28683.png,1,train
silos_256-0-0--6-16--1517-30489.png,1,validation
silos_256-0-0--6-16--1486-28343.png,1,train
silos_256-0-0--6-15-1462-29499.png,1,train
silos_256-0-0--6-16--1341-28738.png,1,train
silos_256-0-0--6-16--934-29471.png,1,test
silos_256-0-0--6-16--1274-28848.png,1,validation
silos_256-0-0--6-16--821-28829.png,1,validation
silos_256-0-0--6-16-438-28548.png,1,validation
silos_256-0-0--6-16--478-30711.png,1,train
silos_256-0-0--6-16--968-30770.png,1,train
silos_256-0-0--6-15--1134-31245.png,1,test
silos_256-0-0--6-15--185-30077.png,1,train
silos_256-0-0--6-16--575-29541.png,1,validation
silos_256-0-0--6-15--1171-32023.png,1,train
silos_256-0-0--6-16--571-28851.png,1,train
silos_256-0-0--6-16--720-29108.png,1,validation
silos_256-0-0--6-15--909-28197.png,1,train
silos_256-0-0--6-16--1088-29000.png,1,test
silos_256-0-0--6-15-826-30371.png,1,train
silos_256-0-0--6-16--281-30045.png,1,validation
silos_256-0-0--6-16--811-28793.png,1,train
silos_256-0-0--6-16--1248-28260.png,1,train
silos_256-0-0--6-15--1540-28189.png,1,train
silos_256-0-0--6-15--876-28199.png,1,train
silos_256-0-0--6-15-176-31289.png,1,train
silos_256-0-0--6-16--641-28750.png,1,train
silos_256-0-0--6-16--1185-28590.png,1,train
silos_256-0-0--6-16--1273-28848.png,1,train
silos_256-0-0--6-16--514-32052.png,1,train
silos_256-0-0--6-16--300-28882.png,1,train
silos_256-0-0--6-16--1515-28602.png,1,train
silos_256-0-0--6-15--604-30194.png,1,test
silos_256-0-0--6-15--1170-32023.png,1,train
silos_256-0-0--6-16--749-28808.png,1,train
silos_256-0-0--6-16--1428-30164.png,1,train
silos_256-0-0--6-16--1187-28662.png,1,train
silos_256-0-0--6-15-794-29956.png,1,train
silos_256-0-0--6-15--1514-28180.png,1,train
silos_256-0-0--6-16-244-29531.png,1,test
silos_256-0-0--6-15-736-29663.png,1,train
silos_256-0-0--6-15-1112-30303.png,1,validation
silos_256-0-0--6-15--906-31942.png,1,train
silos_256-0-0--6-16--1121-30622.png,1,validation
silos_256-0-0--6-15--1323-32042.png,1,train
silos_256-0-0--6-15--597-30295.png,1,validation
silos_256-0-0--6-16--1201-29068.png,1,train
silos_256-0-0--6-15-984-30634.png,1,train
silos_256-0-0--6-15-1181-30658.png,1,train
silos_256-0-0--6-15-1456-29511.png,1,train
silos_256-0-0--6-15-320-31392.png,1,validation
silos_256-0-0--6-15-1368-29227.png,1,train
silos_256-0-0--6-16--560-28763.png,1,train
silos_256-0-0--6-15--178-30079.png,1,test
silos_256-0-0--6-16--785-29857.png,1,validation
silos_256-0-0--6-16--1002-29498.png,1,train
silos_256-0-0--6-16--301-28858.png,1,validation
silos_256-0-0--6-16-450-28668.png,1,train
silos_256-0-0--6-15-1324-29076.png,1,train
silos_256-0-0--6-15-1418-29499.png,1,train
silos_256-0-0--6-15--673-28204.png,1,train
silos_256-0-0--6-16--819-28799.png,1,train
silos_256-0-0--6-16--480-29820.png,1,train
silos_256-0-0--6-15-167-30380.png,1,train
silos_256-0-0--6-15--493-29909.png,1,train
silos_256-0-0--6-16--571-29562.png,1,test
silos_256-0-0--6-15--607-30342.png,1,train
silos_256-0-0--6-15--599-30300.png,1,validation
silos_256-0-0--6-16--974-29521.png,1,validation
silos_256-0-0--6-16--1496-28588.png,1,train
silos_256-0-0--6-16--663-30028.png,1,train
silos_256-0-0--6-16--1445-28846.png,1,train
silos_256-0-0--6-15--1449-28784.png,1,train
silos_256-0-0--6-15-542-30080.png,1,validation
silos_256-0-0--6-16--1185-28617.png,1,train
silos_256-0-0--6-16--1271-30247.png,1,validation
silos_256-0-0--6-15--1416-28735.png,1,train
silos_256-0-0--6-15--1383-29906.png,1,train
silos_256-0-0--6-16--1142-29130.png,1,train
silos_256-0-0--6-16--981-28582.png,1,train
silos_256-0-0--6-16--417-28698.png,1,train
silos_256-0-0--6-15-457-30247.png,1,train
silos_256-0-0--6-15--616-30281.png,1,validation
silos_256-0-0--6-14--65-28655.png,1,train
silos_256-0-0--6-16--1050-30135.png,1,train
silos_256-0-0--6-15-572-29815.png,1,train
silos_256-0-0--6-16--595-29544.png,1,train
silos_256-0-0--6-15-1354-29499.png,1,train
silos_256-0-0--6-16--1428-30163.png,1,train
silos_256-0-0--6-15--894-31943.png,1,train
silos_256-0-0--6-15--1170-32022.png,1,train
silos_256-0-0--6-16--952-30113.png,1,train
silos_256-0-0--6-15-1010-30117.png,1,train
silos_256-0-0--6-16--734-28944.png,1,train
silos_256-0-0--6-16--1400-28687.png,1,test
silos_256-0-0--6-15-1382-29248.png,1,train
silos_256-0-0--6-16-460-28641.png,1,train
silos_256-0-0--6-16--1178-28680.png,1,train
silos_256-0-0--6-15--1435-29770.png,1,train
silos_256-0-0--6-15-321-29631.png,1,test
silos_256-0-0--6-16--1185-28600.png,1,train
silos_256-0-0--6-15-508-30053.png,1,validation
silos_256-0-0--6-16--1432-29000.png,1,train
silos_256-0-0--6-16--1380-28871.png,1,validation
silos_256-0-0--6-16--693-29101.png,1,test
silos_256-0-0--6-15--1289-31266.png,1,train
silos_256-0-0--6-15--1669-28613.png,1,train
silos_256-0-0--6-16--1549-28155.png,1,validation
silos_256-0-0--6-15--436-30305.png,1,train
silos_256-0-0--6-15-1329-29594.png,1,train
silos_256-0-0--6-15--674-28204.png,1,train
silos_256-0-0--6-15--1324-32042.png,1,validation
silos_256-0-0--6-16--1417-28781.png,1,train
silos_256-0-0--6-16--779-29112.png,1,train
silos_256-0-0--6-16-245-29531.png,1,validation
silos_256-0-0--6-16--1198-29071.png,1,test
silos_256-0-0--6-15--597-30278.png,1,train
silos_256-0-0--6-16--1184-28667.png,1,train
silos_256-0-0--6-15-1378-29171.png,1,train
silos_256-0-0--6-16--317-31991.png,1,test
silos_256-0-0--6-15--566-30285.png,1,validation
silos_256-0-0--6-16--527-30070.png,1,train
silos_256-0-0--6-15-1348-29423.png,1,train
silos_256-0-0--6-16--635-28790.png,1,train
silos_256-0-0--6-16--600-29734.png,1,train
silos_256-0-0--6-16-257-29494.png,1,train
silos_256-0-0--6-16--1231-28705.png,1,train
silos_256-0-0--6-15-1037-28810.png,1,train
silos_256-0-0--6-16--889-30580.png,1,train
silos_256-0-0--6-15--694-28643.png,1,validation
silos_256-0-0--6-15--320-30714.png,1,train
silos_256-0-0--6-16--1429-30163.png,1,validation
silos_256-0-0--6-15-1036-28694.png,1,train
silos_256-0-0--6-15--1344-28814.png,1,train
silos_256-0-0--6-16--668-29117.png,1,train
silos_256-0-0--6-16--809-29865.png,1,train
silos_256-0-0--6-15-1239-30569.png,1,train
silos_256-0-0--6-15-1389-29950.png,1,test
silos_256-0-0--6-15-1013-30113.png,1,train
silos_256-0-0--6-15-1175-30669.png,1,validation
silos_256-0-0--6-16--1427-29004.png,1,train
silos_256-0-0--6-16--699-29858.png,1,train
silos_256-0-0--6-16-505-29103.png,1,train
silos_256-0-0--6-16--1180-28686.png,1,train
silos_256-0-0--6-16--481-29830.png,1,train
silos_256-0-0--6-16--1344-30599.png,1,train
silos_256-0-0--6-16-194-29261.png,1,validation
silos_256-0-0--6-15--565-30303.png,1,validation
silos_256-0-0--6-15-376-31318.png,1,validation
silos_256-0-0--6-15-1495-29884.png,1,train
silos_256-0-0--6-15-1360-29946.png,1,train
silos_256-0-0--6-16--193-28711.png,1,train
silos_256-0-0--6-15--600-30154.png,1,train
silos_256-0-0--6-16--1436-28792.png,1,train
silos_256-0-0--6-16--1264-29001.png,1,train
silos_256-0-0--6-15-1413-29974.png,1,train
silos_256-0-0--6-16--704-28912.png,1,test
silos_256-0-0--6-15-1174-30125.png,1,train
silos_256-0-0--6-16--698-29872.png,1,train
silos_256-0-0--6-15-403-32077.png,1,train
silos_256-0-0--6-16--1138-29223.png,1,validation
silos_256-0-0--6-16--722-29304.png,1,train
silos_256-0-0--6-16--1203-28816.png,1,train
silos_256-0-0--6-15--970-31272.png,1,train
silos_256-0-0--6-15--184-29098.png,1,train
silos_256-0-0--6-15-512-30122.png,1,validation
silos_256-0-0--6-15--184-29099.png,1,train
silos_256-0-0--6-15--168-30074.png,1,train
silos_256-0-0--6-16--1485-28356.png,1,train
silos_256-0-0--6-16--1441-29022.png,1,train
silos_256-0-0--6-16--595-29552.png,1,validation
silos_256-0-0--6-14-40-29987.png,1,train
silos_256-0-0--6-16--1295-30205.png,1,train
silos_256-0-0--6-15-1471-29559.png,1,test
silos_256-0-0--6-16--705-29877.png,1,validation
silos_256-0-0--6-15--1091-30128.png,1,test
silos_256-0-0--6-16--1337-28597.png,1,test
silos_256-0-0--6-15-1275-30027.png,1,validation
silos_256-0-0--6-16--638-31677.png,1,train
silos_256-0-0--6-15-1215-30584.png,1,train
silos_256-0-0--6-16--1195-29064.png,1,train
silos_256-0-0--6-15-1090-30659.png,1,test
silos_256-0-0--6-16--1501-28243.png,1,validation
silos_256-0-0--6-15--1171-32024.png,1,train
silos_256-0-0--6-15--1088-30120.png,1,train
silos_256-0-0--6-16--206-28649.png,1,train
silos_256-0-0--6-15-427-31708.png,1,train
silos_256-0-0--6-16-415-31723.png,1,train
silos_256-0-0--6-15--618-30235.png,1,validation
silos_256-0-0--6-15--1584-31269.png,1,train
silos_256-0-0--6-15--905-30881.png,1,train
silos_256-0-0--6-15--945-31190.png,1,train
silos_256-0-0--6-16--1195-28615.png,1,validation
silos_256-0-0--6-16--720-28785.png,1,test
silos_256-0-0--6-16-479-29520.png,1,train
silos_256-0-0--6-15--441-30056.png,1,validation
silos_256-0-0--6-16--518-29512.png,1,train
silos_256-0-0--6-16--258-28749.png,1,train
silos_256-0-0--6-15--949-31231.png,1,train
silos_256-0-0--6-16--906-30462.png,1,train
silos_256-0-0--6-16-216-29584.png,1,validation
silos_256-0-0--6-15--356-30868.png,1,validation
silos_256-0-0--6-16--691-30424.png,1,train
silos_256-0-0--6-16--281-30049.png,1,train
silos_256-0-0--6-16--1049-28295.png,1,train
silos_256-0-0--6-15--575-30286.png,1,validation
silos_256-0-0--6-15--474-32056.png,1,train
silos_256-0-0--6-16--729-29299.png,1,test
silos_256-0-0--6-15-537-30033.png,1,train
silos_256-0-0--6-15-1399-29558.png,1,train
silos_256-0-0--6-15--690-28643.png,1,validation
silos_256-0-0--6-15--607-30303.png,1,train
silos_256-0-0--6-15--1179-28935.png,1,train
silos_256-0-0--6-15-101-31982.png,1,train
silos_256-0-0--6-16-334-29034.png,1,validation
silos_256-0-0--6-15-837-30322.png,1,train
silos_256-0-0--6-15--950-31190.png,1,validation
silos_256-0-0--6-15--556-30273.png,1,train
silos_256-0-0--6-15-1550-29655.png,1,validation
silos_256-0-0--6-16--717-29299.png,1,test
silos_256-0-0--6-15-1492-29472.png,1,train
silos_256-0-0--6-15-1218-30573.png,1,test
silos_256-0-0--6-15-101-31983.png,1,train
silos_256-0-0--6-15-1104-28938.png,1,validation
silos_256-0-0--6-15--560-30320.png,1,train
silos_256-0-0--6-15--367-30228.png,1,validation
silos_256-0-0--6-16--286-28859.png,1,train
silos_256-0-0--6-15-719-30255.png,1,train
silos_256-0-0--6-16--423-28698.png,1,train
silos_256-0-0--6-15-172-31049.png,1,train
silos_256-0-0--6-15--973-31254.png,1,train
silos_256-0-0--6-15-377-32039.png,1,train
silos_256-0-0--6-14-58-29358.png,1,train
silos_256-0-0--6-16--1167-28408.png,1,validation
silos_256-0-0--6-15-709-30252.png,1,train
silos_256-0-0--6-15-724-30273.png,1,train
silos_256-0-0--6-16--1044-31279.png,1,train
silos_256-0-0--6-16--291-28788.png,1,train
silos_256-0-0--6-15--619-30243.png,1,train
silos_256-0-0--6-16-519-30030.png,1,train
silos_256-0-0--6-15--1484-28166.png,1,train
silos_256-0-0--6-15--600-30157.png,1,train
silos_256-0-0--6-15-1003-30280.png,1,validation
silos_256-0-0--6-16--876-30834.png,1,train
silos_256-0-0--6-15-1232-30785.png,1,train
silos_256-0-0--6-16--1500-28822.png,1,train
silos_256-0-0--6-15-1172-29987.png,1,train
silos_256-0-0--6-16-26-28181.png,1,train
silos_256-0-0--6-16-472-29195.png,1,test
silos_256-0-0--6-16--643-28836.png,1,train
silos_256-0-0--6-16--1089-28825.png,1,test
silos_256-0-0--6-16--1431-28993.png,1,validation
silos_256-0-0--6-16--635-28791.png,1,train
silos_256-0-0--6-16--525-29112.png,1,train
silos_256-0-0--6-16--1195-28581.png,1,train
silos_256-0-0--6-16--1531-28190.png,1,train
silos_256-0-0--6-15-1191-28693.png,1,train
silos_256-0-0--6-15-1115-28946.png,1,test
silos_256-0-0--6-15-1326-30173.png,1,validation
silos_256-0-0--6-15-321-29627.png,1,test
silos_256-0-0--6-15--981-31689.png,1,validation
silos_256-0-0--6-16--582-29594.png,1,train
silos_256-0-0--6-15--1289-28536.png,1,train
silos_256-0-0--6-16--530-29084.png,1,train
silos_256-0-0--6-15-177-29775.png,1,validation
silos_256-0-0--6-16-163-29966.png,1,train
silos_256-0-0--6-16--996-29301.png,1,test
silos_256-0-0--6-16--515-29501.png,1,validation
silos_256-0-0--6-16--925-30594.png,1,train
silos_256-0-0--6-15-1461-29512.png,1,train
silos_256-0-0--6-15--1294-30282.png,1,train
silos_256-0-0--6-15-1230-29710.png,1,train
silos_256-0-0--6-16-456-28678.png,1,validation
silos_256-0-0--6-16-425-29707.png,1,train
silos_256-0-0--6-16--707-29944.png,1,train
silos_256-0-0--6-15--556-30285.png,1,validation
silos_256-0-0--6-15-1364-29485.png,1,train
silos_256-0-0--6-15--551-30321.png,1,train
silos_256-0-0--6-16--570-28852.png,1,train
silos_256-0-0--6-16-319-28426.png,1,validation
silos_256-0-0--6-16--294-28971.png,1,validation
silos_256-0-0--6-16--1203-28815.png,1,train
silos_256-0-0--6-15-1419-28750.png,1,train
silos_256-0-0--6-16--1500-28798.png,1,train
silos_256-0-0--6-16--1472-28780.png,1,train
silos_256-0-0--6-15--860-29466.png,1,train
silos_256-0-0--6-16--835-30112.png,1,train
silos_256-0-0--6-16--481-29820.png,1,train
silos_256-0-0--6-16--723-29293.png,1,validation
silos_256-0-0--6-16--417-28694.png,1,validation
silos_256-0-0--6-16--879-29718.png,1,train
silos_256-0-0--6-16--310-31987.png,1,train
silos_256-0-0--6-15--1343-28711.png,1,train
silos_256-0-0--6-16--1398-28726.png,1,train
silos_256-0-0--6-16--667-30045.png,1,validation
silos_256-0-0--6-15--1588-29747.png,1,train
silos_256-0-0--6-16--318-31991.png,1,train
silos_256-0-0--6-16--1580-28553.png,1,train
silos_256-0-0--6-15-829-30197.png,1,train
silos_256-0-0--6-15--596-30291.png,1,validation
silos_256-0-0--6-16--1603-30361.png,1,train
silos_256-0-0--6-15--534-30295.png,1,test
silos_256-0-0--6-16--417-28710.png,1,train
silos_256-0-0--6-15--1278-30295.png,1,validation
silos_256-0-0--6-15-1422-29553.png,1,train
silos_256-0-0--6-16--874-29490.png,1,validation
silos_256-0-0--6-16--1142-29134.png,1,train
silos_256-0-0--6-16--998-30741.png,1,validation
silos_256-0-0--6-15-981-30635.png,1,train
silos_256-0-0--6-15--1115-31203.png,1,train
silos_256-0-0--6-16--925-29417.png,1,train
silos_256-0-0--6-16--214-28722.png,1,train
silos_256-0-0--6-15-1311-30171.png,1,validation
silos_256-0-0--6-16--694-28824.png,1,validation
silos_256-0-0--6-15-792-30421.png,1,train
silos_256-0-0--6-15-758-30047.png,1,train
silos_256-0-0--6-16--816-29876.png,1,test
silos_256-0-0--6-16--955-30862.png,1,train
silos_256-0-0--6-15-1333-30156.png,1,validation
silos_256-0-0--6-15--1416-28740.png,1,train
silos_256-0-0--6-15--439-30301.png,1,validation
silos_256-0-0--6-15--954-31265.png,1,train
silos_256-0-0--6-16-165-28340.png,1,validation
silos_256-0-0--6-16--1372-30562.png,1,validation
silos_256-0-0--6-15-1384-29283.png,1,train
silos_256-0-0--6-15-1404-29499.png,1,train
silos_256-0-0--6-16--221-28786.png,1,train
silos_256-0-0--6-16--1139-29139.png,1,train
silos_256-0-0--6-16-252-28863.png,1,train
silos_256-0-0--6-15--953-31220.png,1,train
silos_256-0-0--6-16-10-28960.png,1,train
silos_256-0-0--6-16--1485-28311.png,1,train
silos_256-0-0--6-15--1118-31203.png,1,train
silos_256-0-0--6-16--752-29283.png,1,train
silos_256-0-0--6-16--1536-28735.png,1,train
silos_256-0-0--6-15--1617-29741.png,1,test
silos_256-0-0--6-16-104-29163.png,1,test
silos_256-0-0--6-16--1346-30173.png,1,train
silos_256-0-0--6-16--7-28147.png,1,train
silos_256-0-0--6-15--1583-31269.png,1,train
silos_256-0-0--6-15-1111-30309.png,1,train
silos_256-0-0--6-16--1132-30677.png,1,train
silos_256-0-0--6-15--833-31482.png,1,validation
silos_256-0-0--6-16--1141-30631.png,1,train
silos_256-0-0--6-16--623-29111.png,1,validation
silos_256-0-0--6-15--908-28199.png,1,validation
silos_256-0-0--6-16--237-29390.png,1,test
silos_256-0-0--6-14--8-28238.png,1,train
silos_256-0-0--6-16--905-28923.png,1,train
silos_256-0-0--6-16--901-30580.png,1,train
silos_256-0-0--6-16--941-30378.png,1,train
silos_256-0-0--6-15--1516-28181.png,1,train
silos_256-0-0--6-16--716-28785.png,1,validation
silos_256-0-0--6-16--1416-28819.png,1,validation
silos_256-0-0--6-15--1199-31595.png,1,test
silos_256-0-0--6-15-730-30207.png,1,train
silos_256-0-0--6-15--885-28202.png,1,train
silos_256-0-0--6-15--1541-31482.png,1,train
silos_256-0-0--6-16--209-28781.png,1,validation
silos_256-0-0--6-16--1271-30867.png,1,validation
silos_256-0-0--6-16--1155-30751.png,1,train
silos_256-0-0--6-15-1502-29487.png,1,train
silos_256-0-0--6-15--176-30078.png,1,train
silos_256-0-0--6-16--796-29101.png,1,train
silos_256-0-0--6-15--525-29832.png,1,validation
silos_256-0-0--6-16--1150-28588.png,1,train
silos_256-0-0--6-15--566-30276.png,1,train
silos_256-0-0--6-16--1250-29035.png,1,train
silos_256-0-0--6-15-983-30635.png,1,validation
silos_256-0-0--6-15-1144-30685.png,1,validation
silos_256-0-0--6-16--1481-28507.png,1,validation
silos_256-0-0--6-15--983-31284.png,1,validation
silos_256-0-0--6-16--1184-28599.png,1,validation
silos_256-0-0--6-15-728-30346.png,1,train
silos_256-0-0--6-16--1610-29358.png,1,validation
silos_256-0-0--6-16--815-28338.png,1,train
silos_256-0-0--6-15--1090-30124.png,1,validation
silos_256-0-0--6-15--1091-30126.png,1,train
silos_256-0-0--6-16--710-28764.png,1,train
silos_256-0-0--6-15--600-30300.png,1,train
silos_256-0-0--6-16-448-28662.png,1,train
silos_256-0-0--6-15-614-30103.png,1,test
silos_256-0-0--6-16--1497-28651.png,1,train
silos_256-0-0--6-15--442-30054.png,1,train
silos_256-0-0--6-16--626-28803.png,1,train
silos_256-0-0--6-16--1265-30721.png,1,train
silos_256-0-0--6-15-541-30030.png,1,train
silos_256-0-0--6-15-735-29663.png,1,test
silos_256-0-0--6-16--856-28503.png,1,validation
silos_256-0-0--6-16--1232-30806.png,1,validation
silos_256-0-0--6-16--514-29501.png,1,validation
silos_256-0-0--6-16--1441-29016.png,1,train
silos_256-0-0--6-16--595-29108.png,1,train
silos_256-0-0--6-16--1323-28598.png,1,validation
silos_256-0-0--6-15--553-30276.png,1,train
silos_256-0-0--6-16--1158-28404.png,1,train
silos_256-0-0--6-15-540-30031.png,1,validation
silos_256-0-0--6-15-1003-30281.png,1,train
silos_256-0-0--6-16--253-28861.png,1,test
silos_256-0-0--6-15-1354-29247.png,1,train
silos_256-0-0--6-16--1048-28295.png,1,train
silos_256-0-0--6-15--986-30895.png,1,train
silos_256-0-0--6-16--1395-29265.png,1,test
silos_256-0-0--6-15--588-30148.png,1,train
silos_256-0-0--6-16--527-29112.png,1,train
silos_256-0-0--6-15-1149-29380.png,1,train
silos_256-0-0--6-16--10-28139.png,1,train
silos_256-0-0--6-15--1436-29138.png,1,train
silos_256-0-0--6-16--1330-30625.png,1,train
silos_256-0-0--6-16-410-29731.png,1,train
silos_256-0-0--6-16-26-28182.png,1,test
silos_256-0-0--6-16--261-28838.png,1,train
silos_256-0-0--6-15--1071-30101.png,1,train
silos_256-0-0--6-15--571-30301.png,1,train
silos_256-0-0--6-15--566-30294.png,1,test
silos_256-0-0--6-15--1295-30282.png,1,train
silos_256-0-0--6-16--1141-30617.png,1,train
silos_256-0-0--6-15--977-31219.png,1,train
silos_256-0-0--6-16--417-28705.png,1,validation
silos_256-0-0--6-15--899-31287.png,1,train
silos_256-0-0--6-15--491-29896.png,1,train
silos_256-0-0--6-16--1192-30670.png,1,train
silos_256-0-0--6-16--623-29110.png,1,train
silos_256-0-0--6-15-1238-29246.png,1,train
silos_256-0-0--6-16--521-29115.png,1,validation
silos_256-0-0--6-15--157-31626.png,1,train
silos_256-0-0--6-15-882-30257.png,1,train
silos_256-0-0--6-16--1218-28945.png,1,test
silos_256-0-0--6-15--583-30301.png,1,validation
silos_256-0-0--6-15-1623-29066.png,1,train
silos_256-0-0--6-15--1379-29903.png,1,validation
silos_256-0-0--6-15--600-30156.png,1,train
silos_256-0-0--6-16--154-29557.png,1,train
silos_256-0-0--6-16--1065-30444.png,1,validation
silos_256-0-0--6-16-536-28464.png,1,train
silos_256-0-0--6-16--264-28821.png,1,train
silos_256-0-0--6-15--1309-28423.png,1,train
silos_256-0-0--6-16--633-30048.png,1,train
silos_256-0-0--6-16--743-30618.png,1,train
silos_256-0-0--6-15--322-30864.png,1,train
silos_256-0-0--6-15-556-30795.png,1,train
silos_256-0-0--6-16-16-28125.png,1,validation
silos_256-0-0--6-15--616-30372.png,1,train
silos_256-0-0--6-16-413-29721.png,1,train
silos_256-0-0--6-16--1266-28276.png,1,train
silos_256-0-0--6-15--1093-30140.png,1,train
silos_256-0-0--6-16--1526-28722.png,1,validation
silos_256-0-0--6-16--1351-30629.png,1,train
silos_256-0-0--6-16--635-28765.png,1,train
silos_256-0-0--6-15--127-29436.png,1,validation
silos_256-0-0--6-15-1333-30157.png,1,validation
silos_256-0-0--6-16--1482-28766.png,1,validation
silos_256-0-0--6-16--1235-29031.png,1,train
silos_256-0-0--6-15--323-30409.png,1,train
silos_256-0-0--6-15--153-29441.png,1,train
silos_256-0-0--6-15--1521-31342.png,1,train
silos_256-0-0--6-15--546-30303.png,1,train
silos_256-0-0--6-16-359-28954.png,1,train
silos_256-0-0--6-16--288-29700.png,1,train
silos_256-0-0--6-16--866-30810.png,1,test
silos_256-0-0--6-16--1183-28581.png,1,validation
silos_256-0-0--6-16--1363-30562.png,1,validation
silos_256-0-0--6-15-1321-30178.png,1,train
silos_256-0-0--6-16-472-29196.png,1,train
silos_256-0-0--6-16--1596-28718.png,1,train
silos_256-0-0--6-15-744-30224.png,1,test
silos_256-0-0--6-15-1206-29988.png,1,train
silos_256-0-0--6-15-1448-29504.png,1,train
silos_256-0-0--6-16--823-28837.png,1,validation
silos_256-0-0--6-15--586-30320.png,1,train
silos_256-0-0--6-16--1429-28998.png,1,train
silos_256-0-0--6-16--461-28667.png,1,train
silos_256-0-0--6-16--1373-28728.png,1,test
silos_256-0-0--6-16--885-29719.png,1,test
silos_256-0-0--6-16--1249-28142.png,1,train
silos_256-0-0--6-16--1042-30139.png,1,train
silos_256-0-0--6-16--1346-28601.png,1,validation
silos_256-0-0--6-15-907-30671.png,1,train
silos_256-0-0--6-16--875-29498.png,1,train
silos_256-0-0--6-16-11-28960.png,1,validation
silos_256-0-0--6-16--635-28797.png,1,test
silos_256-0-0--6-16--901-30603.png,1,train
silos_256-0-0--6-15--341-30751.png,1,train
silos_256-0-0--6-15-1175-30121.png,1,train
silos_256-0-0--6-15--539-30291.png,1,train
silos_256-0-0--6-15-1465-29476.png,1,train
silos_256-0-0--6-16--587-30264.png,1,train
silos_256-0-0--6-16--246-28813.png,1,test
silos_256-0-0--6-15--1417-28735.png,1,train
silos_256-0-0--6-15--570-30301.png,1,train
silos_256-0-0--6-15-1502-29488.png,1,train
silos_256-0-0--6-16--720-28762.png,1,train
silos_256-0-0--6-16--1194-28635.png,1,train
silos_256-0-0--6-15--893-31943.png,1,train
silos_256-0-0--6-16--1097-29807.png,1,validation
silos_256-0-0--6-16--206-28784.png,1,train
silos_256-0-0--6-16--1030-29856.png,1,train
silos_256-0-0--6-16--1141-29130.png,1,train
silos_256-0-0--6-15--1223-31339.png,1,validation
silos_256-0-0--6-16--1228-28829.png,1,train
silos_256-0-0--6-16--1380-28862.png,1,train
silos_256-0-0--6-16--628-29115.png,1,train
silos_256-0-0--6-16--1289-31155.png,1,test
silos_256-0-0--6-16--482-29839.png,1,test
silos_256-0-0--6-16--1271-28846.png,1,train
silos_256-0-0--6-16--902-30580.png,1,train
silos_256-0-0--6-16--1137-29223.png,1,validation
silos_256-0-0--6-15--1535-29990.png,1,train
silos_256-0-0--6-15-1062-28849.png,1,test
silos_256-0-0--6-16-249-29527.png,1,train
silos_256-0-0--6-15-982-30635.png,1,train
silos_256-0-0--6-16--936-30649.png,1,train
silos_256-0-0--6-16--684-29875.png,1,validation
silos_256-0-0--6-15--597-30311.png,1,train
silos_256-0-0--6-14--19-28655.png,1,train
silos_256-0-0--6-15--1265-31071.png,1,validation
silos_256-0-0--6-15-1288-29178.png,1,train
silos_256-0-0--6-16--1086-28812.png,1,train
silos_256-0-0--6-16-257-29496.png,1,train
silos_256-0-0--6-15-1385-29283.png,1,train
silos_256-0-0--6-16--1484-28368.png,1,train
silos_256-0-0--6-16--153-28677.png,1,train
silos_256-0-0--6-15-982-30634.png,1,train
silos_256-0-0--6-15--565-30302.png,1,test
silos_256-0-0--6-15-1376-29169.png,1,train
silos_256-0-0--6-16-28-29083.png,1,train
silos_256-0-0--6-15--621-30281.png,1,train
silos_256-0-0--6-16--582-29593.png,1,train
silos_256-0-0--6-15-839-31243.png,1,test
silos_256-0-0--6-16-404-29739.png,1,train
silos_256-0-0--6-16--1369-30637.png,1,train
silos_256-0-0--6-15--1448-28784.png,1,train
silos_256-0-0--6-15-1539-29888.png,1,train
silos_256-0-0--6-16-480-29520.png,1,train
silos_256-0-0--6-15--1662-28229.png,1,train
silos_256-0-0--6-16--593-29540.png,1,train
silos_256-0-0--6-15--362-30915.png,1,validation
silos_256-0-0--6-16--1482-28509.png,1,train
silos_256-0-0--6-15-185-31741.png,1,validation
silos_256-0-0--6-15--576-30312.png,1,test
silos_256-0-0--6-15-731-29662.png,1,test
silos_256-0-0--6-16--504-31392.png,1,train
silos_256-0-0--6-16--1442-28977.png,1,train
silos_256-0-0--6-16--959-30862.png,1,train
silos_256-0-0--6-15-515-30123.png,1,train
silos_256-0-0--6-15--960-31212.png,1,train
silos_256-0-0--6-16--903-30172.png,1,train
silos_256-0-0--6-16--1431-28741.png,1,train
silos_256-0-0--6-16--320-28813.png,1,validation
silos_256-0-0--6-15-772-30010.png,1,train
silos_256-0-0--6-15--1295-30281.png,1,train
silos_256-0-0--6-15--556-30286.png,1,train
silos_256-0-0--6-16--191-28710.png,1,validation
silos_256-0-0--6-15-1205-29988.png,1,train
silos_256-0-0--6-15-1242-30572.png,1,train
silos_256-0-0--6-15--1321-31144.png,1,train
silos_256-0-0--6-16-504-29097.png,1,train
silos_256-0-0--6-15--1003-31390.png,1,train
silos_256-0-0--6-16--1135-29148.png,1,train
silos_256-0-0--6-15--693-28643.png,1,train
silos_256-0-0--6-15-1121-28948.png,1,validation
silos_256-0-0--6-15--940-31190.png,1,train
silos_256-0-0--6-16--761-28912.png,1,train
silos_256-0-0--6-16--594-29557.png,1,validation
silos_256-0-0--6-15--1436-31899.png,1,test
silos_256-0-0--6-16--1214-28834.png,1,train
silos_256-0-0--6-16--836-28498.png,1,train
silos_256-0-0--6-15--603-30217.png,1,train
silos_256-0-0--6-16--849-30450.png,1,train
silos_256-0-0--6-16--1233-28841.png,1,train
silos_256-0-0--6-14-44-28655.png,1,train
silos_256-0-0--6-15-173-31049.png,1,train
silos_256-0-0--6-16--1624-29359.png,1,train
silos_256-0-0--6-15-1448-29587.png,1,validation
silos_256-0-0--6-16--1048-29244.png,1,train
silos_256-0-0--6-15--1080-30103.png,1,validation
silos_256-0-0--6-15-1332-30157.png,1,train
silos_256-0-0--6-16-408-29706.png,1,train
silos_256-0-0--6-15--957-31232.png,1,train
silos_256-0-0--6-16--8-28141.png,1,train
silos_256-0-0--6-15-1154-29988.png,1,train
silos_256-0-0--6-16--1576-29356.png,1,validation
silos_256-0-0--6-15--1545-28191.png,1,train
silos_256-0-0--6-16--1470-31186.png,1,train
silos_256-0-0--6-16--644-28836.png,1,train
silos_256-0-0--6-16--1577-29356.png,1,train
silos_256-0-0--6-16-251-29307.png,1,train
silos_256-0-0--6-16--688-28781.png,1,train
silos_256-0-0--6-16--284-28786.png,1,validation
silos_256-0-0--6-16-215-29578.png,1,train
silos_256-0-0--6-15--555-30313.png,1,train
silos_256-0-0--6-16--1323-28595.png,1,validation
silos_256-0-0--6-16--704-29430.png,1,test
silos_256-0-0--6-16--1164-28411.png,1,train
silos_256-0-0--6-14-3-29342.png,1,train
silos_256-0-0--6-16--620-28801.png,1,train
silos_256-0-0--6-16--855-28505.png,1,train
silos_256-0-0--6-16-398-29723.png,1,validation
silos_256-0-0--6-15--1617-29742.png,1,train
silos_256-0-0--6-16--652-29099.png,1,train
silos_256-0-0--6-16--1369-28585.png,1,train
silos_256-0-0--6-16--1585-28866.png,1,test
silos_256-0-0--6-16-273-29451.png,1,train
silos_256-0-0--6-15-1238-29247.png,1,train
silos_256-0-0--6-16--674-28775.png,1,test
silos_256-0-0--6-15--558-30280.png,1,train
silos_256-0-0--6-16-195-29261.png,1,test
silos_256-0-0--6-15-1622-29066.png,1,validation
silos_256-0-0--6-16--1420-29017.png,1,train
silos_256-0-0--6-16-333-29034.png,1,test
silos_256-0-0--6-16--813-31837.png,1,train
silos_256-0-0--6-15-1496-29884.png,1,train
silos_256-0-0--6-15--1059-28362.png,1,train
silos_256-0-0--6-15--141-30729.png,1,train
silos_256-0-0--6-16--458-28668.png,1,train
silos_256-0-0--6-15--1091-30106.png,1,train
silos_256-0-0--6-15--984-31466.png,1,test
silos_256-0-0--6-16--525-29091.png,1,test
silos_256-0-0--6-15-1320-29080.png,1,train
silos_256-0-0--6-16--1184-28671.png,1,validation
silos_256-0-0--6-15--564-30303.png,1,validation
silos_256-0-0--6-16--1282-28926.png,1,train
silos_256-0-0--6-16--96-28151.png,1,train
silos_256-0-0--6-16--1399-28684.png,1,validation
silos_256-0-0--6-16--684-29948.png,1,validation
silos_256-0-0--6-15-1477-29537.png,1,train
silos_256-0-0--6-16--1233-28825.png,1,train
silos_256-0-0--6-16--428-28700.png,1,train
silos_256-0-0--6-15--1051-28368.png,1,validation
silos_256-0-0--6-15--627-30331.png,1,train
silos_256-0-0--6-16--1336-28597.png,1,test
silos_256-0-0--6-16--1423-29014.png,1,test
silos_256-0-0--6-15--618-30320.png,1,train
silos_256-0-0--6-16--1216-30953.png,1,validation
silos_256-0-0--6-15-1385-29282.png,1,train
silos_256-0-0--6-15-1247-31287.png,1,train
silos_256-0-0--6-16-163-29965.png,1,validation
silos_256-0-0--6-16--185-28715.png,1,validation
silos_256-0-0--6-16-411-29731.png,1,validation
silos_256-0-0--6-16--1188-28642.png,1,train
silos_256-0-0--6-15-1212-29146.png,1,train
silos_256-0-0--6-16--1463-28764.png,1,train
silos_256-0-0--6-16--295-28874.png,1,validation
silos_256-0-0--6-16--1443-30327.png,1,train
silos_256-0-0--6-16--1198-28643.png,1,train
silos_256-0-0--6-16--1441-29093.png,1,train
silos_256-0-0--6-15-1221-29704.png,1,train
silos_256-0-0--6-15--1587-29747.png,1,train
silos_256-0-0--6-15-874-30067.png,1,validation
silos_256-0-0--6-16--632-28906.png,1,test
silos_256-0-0--6-16--939-29908.png,1,train
silos_256-0-0--6-15-315-29599.png,1,validation
silos_256-0-0--6-16--1193-30587.png,1,train
silos_256-0-0--6-15-1551-29655.png,1,train
silos_256-0-0--6-16--1481-28509.png,1,train
silos_256-0-0--6-16--599-29551.png,1,train
silos_256-0-0--6-15--1138-31029.png,1,train
silos_256-0-0--6-15--980-31226.png,1,test
silos_256-0-0--6-15--586-30292.png,1,validation
silos_256-0-0--6-15-1527-29475.png,1,validation
silos_256-0-0--6-16--1347-28592.png,1,train
silos_256-0-0--6-16--668-30694.png,1,train
silos_256-0-0--6-16--1422-29014.png,1,validation
silos_256-0-0--6-15--1007-31295.png,1,train
silos_256-0-0--6-15--983-31467.png,1,train
silos_256-0-0--6-16--1427-28780.png,1,train
silos_256-0-0--6-16--10-28147.png,1,train
silos_256-0-0--6-15--1576-29704.png,1,validation
silos_256-0-0--6-15-722-31791.png,1,train
silos_256-0-0--6-15--620-30198.png,1,validation
silos_256-0-0--6-16--813-30118.png,1,train
silos_256-0-0--6-15--1388-29914.png,1,train
silos_256-0-0--6-15--494-29910.png,1,train
silos_256-0-0--6-15-983-30634.png,1,train
silos_256-0-0--6-16--797-31998.png,1,train
silos_256-0-0--6-16--1617-28197.png,1,train
silos_256-0-0--6-15--965-31232.png,1,validation
silos_256-0-0--6-16--933-30382.png,1,train
silos_256-0-0--6-16--1612-29358.png,1,train
silos_256-0-0--6-16--1416-28818.png,1,train
silos_256-0-0--6-16--1533-28632.png,1,train
silos_256-0-0--6-15--1066-30100.png,1,validation
silos_256-0-0--6-16--908-29457.png,1,train
silos_256-0-0--6-16--682-29101.png,1,test
silos_256-0-0--6-16--678-29507.png,1,validation
silos_256-0-0--6-15--1638-28609.png,1,validation
silos_256-0-0--6-16--248-28787.png,1,train
silos_256-0-0--6-15--1552-31197.png,1,train
silos_256-0-0--6-16-490-28537.png,1,train
silos_256-0-0--6-15-465-30247.png,1,train
silos_256-0-0--6-16--1435-28792.png,1,train
silos_256-0-0--6-16-461-30063.png,1,train
silos_256-0-0--6-16--641-28827.png,1,test
silos_256-0-0--6-15-1475-29571.png,1,train
silos_256-0-0--6-15-148-32082.png,1,train
silos_256-0-0--6-16--1445-28765.png,1,validation
silos_256-0-0--6-15-657-30251.png,1,train
silos_256-0-0--6-16--1159-28404.png,1,train
silos_256-0-0--6-16--214-28744.png,1,train
silos_256-0-0--6-16--202-28702.png,1,train
silos_256-0-0--6-15-1310-29166.png,1,train
silos_256-0-0--6-15--1116-31204.png,1,train
silos_256-0-0--6-16--329-28523.png,1,train
silos_256-0-0--6-15-376-31319.png,1,test
silos_256-0-0--6-15--506-28636.png,1,train
silos_256-0-0--6-16--1348-31125.png,1,train
silos_256-0-0--6-15-1435-29574.png,1,train
silos_256-0-0--6-15--909-28198.png,1,train
silos_256-0-0--6-16--1368-30637.png,1,train
silos_256-0-0--6-15--1171-32025.png,1,train
silos_256-0-0--6-16--1158-28590.png,1,validation
silos_256-0-0--6-16--679-29507.png,1,train
silos_256-0-0--6-16--529-28854.png,1,train
silos_256-0-0--6-16--642-29108.png,1,train
silos_256-0-0--6-16--1044-28458.png,1,train
silos_256-0-0--6-15--1485-28166.png,1,train
silos_256-0-0--6-15-1582-30050.png,1,train
silos_256-0-0--6-16--805-28403.png,1,train
silos_256-0-0--6-15--1469-28797.png,1,train
silos_256-0-0--6-15-1334-30156.png,1,train
silos_256-0-0--6-16--1021-29854.png,1,train
silos_256-0-0--6-14-34-29353.png,1,train
silos_256-0-0--6-15-713-31785.png,1,train
silos_256-0-0--6-15--1177-31059.png,1,train
silos_256-0-0--6-15--1043-28642.png,1,train
silos_256-0-0--6-16--889-30579.png,1,validation
silos_256-0-0--6-15--587-30300.png,1,train
silos_256-0-0--6-16--526-30069.png,1,train
silos_256-0-0--6-15-1197-30156.png,1,train
silos_256-0-0--6-16--646-30111.png,1,validation
silos_256-0-0--6-15--962-31282.png,1,train
silos_256-0-0--6-15--1264-30946.png,1,train
silos_256-0-0--6-15-1423-29553.png,1,test
silos_256-0-0--6-15--1502-28172.png,1,train
silos_256-0-0--6-15--954-31211.png,1,train
silos_256-0-0--6-15--316-30400.png,1,validation
silos_256-0-0--6-15-1159-29991.png,1,train
silos_256-0-0--6-15--437-30306.png,1,train
silos_256-0-0--6-16--633-30034.png,1,train
silos_256-0-0--6-16--882-29720.png,1,train
silos_256-0-0--6-15-1365-29228.png,1,test
silos_256-0-0--6-16-472-30078.png,1,train
silos_256-0-0--6-16--1530-28623.png,1,validation
silos_256-0-0--6-16--1174-28667.png,1,train
silos_256-0-0--6-15--1287-31718.png,1,train
silos_256-0-0--6-16--1203-28634.png,1,train
silos_256-0-0--6-16--1238-28844.png,1,train
silos_256-0-0--6-15--1092-30125.png,1,train
silos_256-0-0--6-15-543-30080.png,1,train
silos_256-0-0--6-15--175-30069.png,1,validation
silos_256-0-0--6-16--1500-28821.png,1,train
silos_256-0-0--6-15-1235-30175.png,1,train
silos_256-0-0--6-15--948-31231.png,1,test
silos_256-0-0--6-16--1496-28587.png,1,train
silos_256-0-0--6-16--1174-28664.png,1,train
silos_256-0-0--6-15--962-31252.png,1,test
silos_256-0-0--6-16--565-29104.png,1,test
silos_256-0-0--6-15--1302-31635.png,1,train
silos_256-0-0--6-15-1242-31289.png,1,validation
silos_256-0-0--6-15--600-30224.png,1,train
silos_256-0-0--6-15--534-30281.png,1,train
silos_256-0-0--6-15-653-30553.png,1,validation
silos_256-0-0--6-16-335-29131.png,1,train
silos_256-0-0--6-16--734-28946.png,1,test
silos_256-0-0--6-16--837-30396.png,1,validation
silos_256-0-0--6-16--1490-28600.png,1,train
silos_256-0-0--6-16--413-28705.png,1,train
silos_256-0-0--6-15-1235-30567.png,1,train
silos_256-0-0--6-16--1374-28554.png,1,train
silos_256-0-0--6-15-1239-29246.png,1,validation
silos_256-0-0--6-16--451-28677.png,1,train
silos_256-0-0--6-16--1372-28727.png,1,train
silos_256-0-0--6-16--952-30114.png,1,train
silos_256-0-0--6-16--1133-29563.png,1,train
silos_256-0-0--6-16-103-29163.png,1,train
silos_256-0-0--6-15--1094-30103.png,1,test
silos_256-0-0--6-16--874-29498.png,1,train
silos_256-0-0--6-16--812-28793.png,1,test
silos_256-0-0--6-15-1503-29466.png,1,train
silos_256-0-0--6-15--1322-31144.png,1,train
silos_256-0-0--6-15--626-30160.png,1,train
silos_256-0-0--6-16--691-28896.png,1,train
silos_256-0-0--6-15--1362-30647.png,1,train
silos_256-0-0--6-15-1464-29476.png,1,validation
silos_256-0-0--6-15-719-30254.png,1,train
silos_256-0-0--6-16--678-30329.png,1,validation
silos_256-0-0--6-16--826-31530.png,1,train
silos_256-0-0--6-14--66-28655.png,1,train
silos_256-0-0--6-16--1048-28296.png,1,test
silos_256-0-0--6-16--801-28401.png,1,train
silos_256-0-0--6-16-473-30078.png,1,train
silos_256-0-0--6-16--1338-28594.png,1,train
silos_256-0-0--6-15--1037-31319.png,1,train
silos_256-0-0--6-16-408-29637.png,1,train
silos_256-0-0--6-15--1308-28423.png,1,test
silos_256-0-0--6-15--1418-28735.png,1,test
silos_256-0-0--6-16--1257-28764.png,1,train
silos_256-0-0--6-15-1384-29282.png,1,validation
silos_256-0-0--6-15--315-30400.png,1,train
silos_256-0-0--6-15--970-31277.png,1,validation
silos_256-0-0--6-15--442-30069.png,1,train
silos_256-0-0--6-16--705-29430.png,1,validation
silos_256-0-0--6-16--1298-30593.png,1,train
silos_256-0-0--6-15--1401-31969.png,1,train
silos_256-0-0--6-15--886-28201.png,1,train
silos_256-0-0--6-16--1305-30857.png,1,train
silos_256-0-0--6-16--1595-28717.png,1,train
silos_256-0-0--6-16--647-28744.png,1,validation
silos_256-0-0--6-15--616-30360.png,1,train
silos_256-0-0--6-15-1332-29594.png,1,train
silos_256-0-0--6-15--1021-29747.png,1,train
silos_256-0-0--6-16--290-28838.png,1,train
silos_256-0-0--6-15--1033-31319.png,1,train
silos_256-0-0--6-15-1240-30177.png,1,train
silos_256-0-0--6-15--1050-30101.png,1,train
silos_256-0-0--6-15-1253-30652.png,1,test
silos_256-0-0--6-15--834-31483.png,1,train
silos_256-0-0--6-16--207-28699.png,1,train
silos_256-0-0--6-16--1198-29072.png,1,train
silos_256-0-0--6-16--262-28835.png,1,validation
silos_256-0-0--6-15-551-30002.png,1,validation
silos_256-0-0--6-16--555-28763.png,1,train
silos_256-0-0--6-15-1302-29167.png,1,train
silos_256-0-0--6-15-1404-29510.png,1,train
silos_256-0-0--6-15--1289-31267.png,1,validation
silos_256-0-0--6-16--1373-28723.png,1,test
silos_256-0-0--6-15-376-32040.png,1,test
silos_256-0-0--6-16-326-28880.png,1,train
silos_256-0-0--6-16--935-29472.png,1,train
silos_256-0-0--6-16-483-30065.png,1,train
silos_256-0-0--6-15--1540-31482.png,1,train
silos_256-0-0--6-16--810-28793.png,1,train
silos_256-0-0--6-15-923-30637.png,1,train
silos_256-0-0--6-16--1201-29069.png,1,train
silos_256-0-0--6-15-1127-30598.png,1,test
silos_256-0-0--6-16--1440-28809.png,1,validation
silos_256-0-0--6-16--864-29979.png,1,train
silos_256-0-0--6-16--1249-28141.png,1,train
silos_256-0-0--6-15--983-31465.png,1,train
silos_256-0-0--6-16--1281-30198.png,1,train
silos_256-0-0--6-16--935-29471.png,1,validation
silos_256-0-0--6-15-168-30377.png,1,train
silos_256-0-0--6-16--946-31169.png,1,train
silos_256-0-0--6-15--1436-29137.png,1,train
silos_256-0-0--6-16--521-28510.png,1,test
silos_256-0-0--6-16--1483-28462.png,1,train
silos_256-0-0--6-16--1141-29132.png,1,test
silos_256-0-0--6-16--1135-29149.png,1,validation
silos_256-0-0--6-15--1020-30048.png,1,train
silos_256-0-0--6-16--592-29927.png,1,train
silos_256-0-0--6-15--1092-30126.png,1,validation
silos_256-0-0--6-16-25-28181.png,1,validation
silos_256-0-0--6-16--495-31831.png,1,train
silos_256-0-0--6-16--688-29119.png,1,train
silos_256-0-0--6-15-718-30266.png,1,train
silos_256-0-0--6-16--1265-29001.png,1,validation
silos_256-0-0--6-15--1063-28201.png,1,train
silos_256-0-0--6-16--1482-28469.png,1,validation
silos_256-0-0--6-15--617-31922.png,1,train
silos_256-0-0--6-16--1402-28791.png,1,train
silos_256-0-0--6-15--1196-31283.png,1,train
silos_256-0-0--6-15-1529-30366.png,1,train
silos_256-0-0--6-15--1426-28791.png,1,train
silos_256-0-0--6-16--722-29316.png,1,test
silos_256-0-0--6-15--750-30294.png,1,train
silos_256-0-0--6-16--898-28425.png,1,train
silos_256-0-0--6-15-1436-29533.png,1,train
silos_256-0-0--6-15--550-30305.png,1,test
silos_256-0-0--6-16--488-30706.png,1,train
silos_256-0-0--6-16--594-29544.png,1,train
silos_256-0-0--6-16--1096-29807.png,1,train
silos_256-0-0--6-15-907-28795.png,1,train
silos_256-0-0--6-15--606-30346.png,1,validation
silos_256-0-0--6-15--617-30339.png,1,train
silos_256-0-0--6-16--872-31127.png,1,train
silos_256-0-0--6-15-1321-29080.png,1,train
silos_256-0-0--6-16--658-29108.png,1,train
silos_256-0-0--6-16--899-28424.png,1,train
silos_256-0-0--6-16--598-28846.png,1,train
silos_256-0-0--6-15-1173-30670.png,1,train
silos_256-0-0--6-15--1137-31028.png,1,train
silos_256-0-0--6-16--1181-28679.png,1,train
silos_256-0-0--6-15--607-30300.png,1,train
silos_256-0-0--6-16--1188-30665.png,1,train
silos_256-0-0--6-16--787-29112.png,1,train
silos_256-0-0--6-15--983-31464.png,1,train
silos_256-0-0--6-16-250-29527.png,1,train
silos_256-0-0--6-16--1458-28781.png,1,train
silos_256-0-0--6-16--999-30553.png,1,train
silos_256-0-0--6-16--862-29952.png,1,validation
silos_256-0-0--6-15-1104-28937.png,1,train
silos_256-0-0--6-15--535-30291.png,1,validation
silos_256-0-0--6-16--1547-30596.png,1,train
silos_256-0-0--6-15--543-30298.png,1,train
silos_256-0-0--6-16--573-29551.png,1,train
silos_256-0-0--6-15-1405-29499.png,1,train
silos_256-0-0--6-15--1293-30283.png,1,train
silos_256-0-0--6-16--1486-28356.png,1,validation
silos_256-0-0--6-15--890-29919.png,1,train
silos_256-0-0--6-15--599-30271.png,1,train
silos_256-0-0--6-15-1211-30567.png,1,train
silos_256-0-0--6-15-951-30316.png,1,train
silos_256-0-0--6-15--576-30282.png,1,train
silos_256-0-0--6-16--888-29719.png,1,validation
silos_256-0-0--6-16--1290-28973.png,1,train
silos_256-0-0--6-15--617-30260.png,1,train
silos_256-0-0--6-16--185-28710.png,1,train
silos_256-0-0--6-16--953-31674.png,1,test
silos_256-0-0--6-15-764-30186.png,1,train
silos_256-0-0--6-15--1385-29908.png,1,train
silos_256-0-0--6-15--1308-28424.png,1,train
silos_256-0-0--6-16--1134-30982.png,1,test
silos_256-0-0--6-16-406-29718.png,1,validation
silos_256-0-0--6-15--99-31016.png,1,validation
silos_256-0-0--6-16--1204-28816.png,1,test
silos_256-0-0--6-15-1240-30176.png,1,train
silos_256-0-0--6-15--598-30311.png,1,train
silos_256-0-0--6-15--603-30209.png,1,train
silos_256-0-0--6-15-1478-29576.png,1,validation
silos_256-0-0--6-15--430-30302.png,1,train
silos_256-0-0--6-16--1162-28409.png,1,train
silos_256-0-0--6-14--33-30848.png,1,test
silos_256-0-0--6-15-1472-29559.png,1,validation
silos_256-0-0--6-15--1188-31260.png,1,train
silos_256-0-0--6-16--1283-30750.png,1,test
silos_256-0-0--6-16--732-32035.png,1,train
silos_256-0-0--6-16--699-28820.png,1,validation
silos_256-0-0--6-15-730-29662.png,1,train
silos_256-0-0--6-16--590-29108.png,1,validation
silos_256-0-0--6-15-796-29631.png,1,train
silos_256-0-0--6-15--905-31942.png,1,train
silos_256-0-0--6-16--1281-28969.png,1,train
silos_256-0-0--6-16--669-28776.png,1,train
silos_256-0-0--6-14-2-29342.png,1,train
silos_256-0-0--6-16-216-29578.png,1,train
silos_256-0-0--6-15--858-28220.png,1,train
silos_256-0-0--6-14--25-30886.png,1,validation
silos_256-0-0--6-15--1179-28934.png,1,train
silos_256-0-0--6-15--315-29772.png,1,train
silos_256-0-0--6-16-18-29145.png,1,train
silos_256-0-0--6-16--615-30322.png,1,train
silos_256-0-0--6-16--480-29819.png,1,train
silos_256-0-0--6-15-1218-30565.png,1,train
silos_256-0-0--6-14-3-28419.png,1,train
silos_256-0-0--6-15--1267-31073.png,1,validation
silos_256-0-0--6-16-381-29354.png,1,validation
silos_256-0-0--6-15-1356-29498.png,1,validation
silos_256-0-0--6-15--563-30296.png,1,train
silos_256-0-0--6-16--1193-30670.png,1,validation
silos_256-0-0--6-16--482-29384.png,1,train
silos_256-0-0--6-16--1332-28589.png,1,validation
silos_256-0-0--6-16--1142-28595.png,1,train
silos_256-0-0--6-15--328-29482.png,1,train
silos_256-0-0--6-15-1324-29592.png,1,train